timestep_1,timestep_2
30th,h0001
30th,h0002
30th,h0003
30th,h0004
30th,h0005
30th,h0006
30th,h0007
30th,h0008
30th,h0009
30th,h0010
30th,h0011
30th,h0012
30th,h0013
30th,h0014
30th,h0015
30th,h0016
30th,h0017
30th,h0018
30th,h0019
30th,h0020
30th,h0021
30th,h0022
30th,h0023
30th,h0024
30th,h0025
30th,h0026
30th,h0027
30th,h0028
30th,h0029
30th,h0030
30th,h0031
30th,h0032
30th,h0033
30th,h0034
30th,h0035
30th,h0036
30th,h0037
30th,h0038
30th,h0039
30th,h0040
30th,h0041
30th,h0042
30th,h0043
30th,h0044
30th,h0045
30th,h0046
30th,h0047
30th,h0048
30th,h0049
30th,h0050
30th,h0051
30th,h0052
30th,h0053
30th,h0054
30th,h0055
30th,h0056
30th,h0057
30th,h0058
30th,h0059
30th,h0060
30th,h0061
30th,h0062
30th,h0063
30th,h0064
30th,h0065
30th,h0066
30th,h0067
30th,h0068
30th,h0069
30th,h0070
30th,h0071
30th,h0072
30th,h0073
30th,h0074
30th,h0075
30th,h0076
30th,h0077
30th,h0078
30th,h0079
30th,h0080
30th,h0081
30th,h0082
30th,h0083
30th,h0084
30th,h0085
30th,h0086
30th,h0087
30th,h0088
30th,h0089
30th,h0090
30th,h0091
30th,h0092
30th,h0093
30th,h0094
30th,h0095
30th,h0096
30th,h0097
30th,h0098
30th,h0099
30th,h0100
30th,h0101
30th,h0102
30th,h0103
30th,h0104
30th,h0105
30th,h0106
30th,h0107
30th,h0108
30th,h0109
30th,h0110
30th,h0111
30th,h0112
30th,h0113
30th,h0114
30th,h0115
30th,h0116
30th,h0117
30th,h0118
30th,h0119
30th,h0120
30th,h0121
30th,h0122
30th,h0123
30th,h0124
30th,h0125
30th,h0126
30th,h0127
30th,h0128
30th,h0129
30th,h0130
30th,h0131
30th,h0132
30th,h0133
30th,h0134
30th,h0135
30th,h0136
30th,h0137
30th,h0138
30th,h0139
30th,h0140
30th,h0141
30th,h0142
30th,h0143
30th,h0144
30th,h0145
30th,h0146
30th,h0147
30th,h0148
30th,h0149
30th,h0150
30th,h0151
30th,h0152
30th,h0153
30th,h0154
30th,h0155
30th,h0156
30th,h0157
30th,h0158
30th,h0159
30th,h0160
30th,h0161
30th,h0162
30th,h0163
30th,h0164
30th,h0165
30th,h0166
30th,h0167
30th,h0168
30th,h0169
30th,h0170
30th,h0171
30th,h0172
30th,h0173
30th,h0174
30th,h0175
30th,h0176
30th,h0177
30th,h0178
30th,h0179
30th,h0180
30th,h0181
30th,h0182
30th,h0183
30th,h0184
30th,h0185
30th,h0186
30th,h0187
30th,h0188
30th,h0189
30th,h0190
30th,h0191
30th,h0192
30th,h0193
30th,h0194
30th,h0195
30th,h0196
30th,h0197
30th,h0198
30th,h0199
30th,h0200
30th,h0201
30th,h0202
30th,h0203
30th,h0204
30th,h0205
30th,h0206
30th,h0207
30th,h0208
30th,h0209
30th,h0210
30th,h0211
30th,h0212
30th,h0213
30th,h0214
30th,h0215
30th,h0216
30th,h0217
30th,h0218
30th,h0219
30th,h0220
30th,h0221
30th,h0222
30th,h0223
30th,h0224
30th,h0225
30th,h0226
30th,h0227
30th,h0228
30th,h0229
30th,h0230
30th,h0231
30th,h0232
30th,h0233
30th,h0234
30th,h0235
30th,h0236
30th,h0237
30th,h0238
30th,h0239
30th,h0240
30th,h0241
30th,h0242
30th,h0243
30th,h0244
30th,h0245
30th,h0246
30th,h0247
30th,h0248
30th,h0249
30th,h0250
30th,h0251
30th,h0252
30th,h0253
30th,h0254
30th,h0255
30th,h0256
30th,h0257
30th,h0258
30th,h0259
30th,h0260
30th,h0261
30th,h0262
30th,h0263
30th,h0264
30th,h0265
30th,h0266
30th,h0267
30th,h0268
30th,h0269
30th,h0270
30th,h0271
30th,h0272
30th,h0273
30th,h0274
30th,h0275
30th,h0276
30th,h0277
30th,h0278
30th,h0279
30th,h0280
30th,h0281
30th,h0282
30th,h0283
30th,h0284
30th,h0285
30th,h0286
30th,h0287
30th,h0288
30th,h0289
30th,h0290
30th,h0291
30th,h0292
30th,h0293
30th,h0294
30th,h0295
30th,h0296
30th,h0297
30th,h0298
30th,h0299
30th,h0300
30th,h0301
30th,h0302
30th,h0303
30th,h0304
30th,h0305
30th,h0306
30th,h0307
30th,h0308
30th,h0309
30th,h0310
30th,h0311
30th,h0312
30th,h0313
30th,h0314
30th,h0315
30th,h0316
30th,h0317
30th,h0318
30th,h0319
30th,h0320
30th,h0321
30th,h0322
30th,h0323
30th,h0324
30th,h0325
30th,h0326
30th,h0327
30th,h0328
30th,h0329
30th,h0330
30th,h0331
30th,h0332
30th,h0333
30th,h0334
30th,h0335
30th,h0336
30th,h0337
30th,h0338
30th,h0339
30th,h0340
30th,h0341
30th,h0342
30th,h0343
30th,h0344
30th,h0345
30th,h0346
30th,h0347
30th,h0348
30th,h0349
30th,h0350
30th,h0351
30th,h0352
30th,h0353
30th,h0354
30th,h0355
30th,h0356
30th,h0357
30th,h0358
30th,h0359
30th,h0360
30th,h0361
30th,h0362
30th,h0363
30th,h0364
30th,h0365
30th,h0366
30th,h0367
30th,h0368
30th,h0369
30th,h0370
30th,h0371
30th,h0372
30th,h0373
30th,h0374
30th,h0375
30th,h0376
30th,h0377
30th,h0378
30th,h0379
30th,h0380
30th,h0381
30th,h0382
30th,h0383
30th,h0384
30th,h0385
30th,h0386
30th,h0387
30th,h0388
30th,h0389
30th,h0390
30th,h0391
30th,h0392
30th,h0393
30th,h0394
30th,h0395
30th,h0396
30th,h0397
30th,h0398
30th,h0399
30th,h0400
30th,h0401
30th,h0402
30th,h0403
30th,h0404
30th,h0405
30th,h0406
30th,h0407
30th,h0408
30th,h0409
30th,h0410
30th,h0411
30th,h0412
30th,h0413
30th,h0414
30th,h0415
30th,h0416
30th,h0417
30th,h0418
30th,h0419
30th,h0420
30th,h0421
30th,h0422
30th,h0423
30th,h0424
30th,h0425
30th,h0426
30th,h0427
30th,h0428
30th,h0429
30th,h0430
30th,h0431
30th,h0432
30th,h0433
30th,h0434
30th,h0435
30th,h0436
30th,h0437
30th,h0438
30th,h0439
30th,h0440
30th,h0441
30th,h0442
30th,h0443
30th,h0444
30th,h0445
30th,h0446
30th,h0447
30th,h0448
30th,h0449
30th,h0450
30th,h0451
30th,h0452
30th,h0453
30th,h0454
30th,h0455
30th,h0456
30th,h0457
30th,h0458
30th,h0459
30th,h0460
30th,h0461
30th,h0462
30th,h0463
30th,h0464
30th,h0465
30th,h0466
30th,h0467
30th,h0468
30th,h0469
30th,h0470
30th,h0471
30th,h0472
30th,h0473
30th,h0474
30th,h0475
30th,h0476
30th,h0477
30th,h0478
30th,h0479
30th,h0480
30th,h0481
30th,h0482
30th,h0483
30th,h0484
30th,h0485
30th,h0486
30th,h0487
30th,h0488
30th,h0489
30th,h0490
30th,h0491
30th,h0492
30th,h0493
30th,h0494
30th,h0495
30th,h0496
30th,h0497
30th,h0498
30th,h0499
30th,h0500
30th,h0501
30th,h0502
30th,h0503
30th,h0504
30th,h0505
30th,h0506
30th,h0507
30th,h0508
30th,h0509
30th,h0510
30th,h0511
30th,h0512
30th,h0513
30th,h0514
30th,h0515
30th,h0516
30th,h0517
30th,h0518
30th,h0519
30th,h0520
30th,h0521
30th,h0522
30th,h0523
30th,h0524
30th,h0525
30th,h0526
30th,h0527
30th,h0528
30th,h0529
30th,h0530
30th,h0531
30th,h0532
30th,h0533
30th,h0534
30th,h0535
30th,h0536
30th,h0537
30th,h0538
30th,h0539
30th,h0540
30th,h0541
30th,h0542
30th,h0543
30th,h0544
30th,h0545
30th,h0546
30th,h0547
30th,h0548
30th,h0549
30th,h0550
30th,h0551
30th,h0552
30th,h0553
30th,h0554
30th,h0555
30th,h0556
30th,h0557
30th,h0558
30th,h0559
30th,h0560
30th,h0561
30th,h0562
30th,h0563
30th,h0564
30th,h0565
30th,h0566
30th,h0567
30th,h0568
30th,h0569
30th,h0570
30th,h0571
30th,h0572
30th,h0573
30th,h0574
30th,h0575
30th,h0576
30th,h0577
30th,h0578
30th,h0579
30th,h0580
30th,h0581
30th,h0582
30th,h0583
30th,h0584
30th,h0585
30th,h0586
30th,h0587
30th,h0588
30th,h0589
30th,h0590
30th,h0591
30th,h0592
30th,h0593
30th,h0594
30th,h0595
30th,h0596
30th,h0597
30th,h0598
30th,h0599
30th,h0600
30th,h0601
30th,h0602
30th,h0603
30th,h0604
30th,h0605
30th,h0606
30th,h0607
30th,h0608
30th,h0609
30th,h0610
30th,h0611
30th,h0612
30th,h0613
30th,h0614
30th,h0615
30th,h0616
30th,h0617
30th,h0618
30th,h0619
30th,h0620
30th,h0621
30th,h0622
30th,h0623
30th,h0624
30th,h0625
30th,h0626
30th,h0627
30th,h0628
30th,h0629
30th,h0630
30th,h0631
30th,h0632
30th,h0633
30th,h0634
30th,h0635
30th,h0636
30th,h0637
30th,h0638
30th,h0639
30th,h0640
30th,h0641
30th,h0642
30th,h0643
30th,h0644
30th,h0645
30th,h0646
30th,h0647
30th,h0648
30th,h0649
30th,h0650
30th,h0651
30th,h0652
30th,h0653
30th,h0654
30th,h0655
30th,h0656
30th,h0657
30th,h0658
30th,h0659
30th,h0660
30th,h0661
30th,h0662
30th,h0663
30th,h0664
30th,h0665
30th,h0666
30th,h0667
30th,h0668
30th,h0669
30th,h0670
30th,h0671
30th,h0672
30th,h0673
30th,h0674
30th,h0675
30th,h0676
30th,h0677
30th,h0678
30th,h0679
30th,h0680
30th,h0681
30th,h0682
30th,h0683
30th,h0684
30th,h0685
30th,h0686
30th,h0687
30th,h0688
30th,h0689
30th,h0690
30th,h0691
30th,h0692
30th,h0693
30th,h0694
30th,h0695
30th,h0696
30th,h0697
30th,h0698
30th,h0699
30th,h0700
30th,h0701
30th,h0702
30th,h0703
30th,h0704
30th,h0705
30th,h0706
30th,h0707
30th,h0708
30th,h0709
30th,h0710
30th,h0711
30th,h0712
30th,h0713
30th,h0714
30th,h0715
30th,h0716
30th,h0717
30th,h0718
30th,h0719
30th,h0720
30th,h0721
30th,h0722
30th,h0723
30th,h0724
30th,h0725
30th,h0726
30th,h0727
30th,h0728
30th,h0729
30th,h0730
30th,h0731
30th,h0732
30th,h0733
30th,h0734
30th,h0735
30th,h0736
30th,h0737
30th,h0738
30th,h0739
30th,h0740
30th,h0741
30th,h0742
30th,h0743
30th,h0744
30th,h0745
30th,h0746
30th,h0747
30th,h0748
30th,h0749
30th,h0750
30th,h0751
30th,h0752
30th,h0753
30th,h0754
30th,h0755
30th,h0756
30th,h0757
30th,h0758
30th,h0759
30th,h0760
30th,h0761
30th,h0762
30th,h0763
30th,h0764
30th,h0765
30th,h0766
30th,h0767
30th,h0768
30th,h0769
30th,h0770
30th,h0771
30th,h0772
30th,h0773
30th,h0774
30th,h0775
30th,h0776
30th,h0777
30th,h0778
30th,h0779
30th,h0780
30th,h0781
30th,h0782
30th,h0783
30th,h0784
30th,h0785
30th,h0786
30th,h0787
30th,h0788
30th,h0789
30th,h0790
30th,h0791
30th,h0792
30th,h0793
30th,h0794
30th,h0795
30th,h0796
30th,h0797
30th,h0798
30th,h0799
30th,h0800
30th,h0801
30th,h0802
30th,h0803
30th,h0804
30th,h0805
30th,h0806
30th,h0807
30th,h0808
30th,h0809
30th,h0810
30th,h0811
30th,h0812
30th,h0813
30th,h0814
30th,h0815
30th,h0816
30th,h0817
30th,h0818
30th,h0819
30th,h0820
30th,h0821
30th,h0822
30th,h0823
30th,h0824
30th,h0825
30th,h0826
30th,h0827
30th,h0828
30th,h0829
30th,h0830
30th,h0831
30th,h0832
30th,h0833
30th,h0834
30th,h0835
30th,h0836
30th,h0837
30th,h0838
30th,h0839
30th,h0840
30th,h0841
30th,h0842
30th,h0843
30th,h0844
30th,h0845
30th,h0846
30th,h0847
30th,h0848
30th,h0849
30th,h0850
30th,h0851
30th,h0852
30th,h0853
30th,h0854
30th,h0855
30th,h0856
30th,h0857
30th,h0858
30th,h0859
30th,h0860
30th,h0861
30th,h0862
30th,h0863
30th,h0864
30th,h0865
30th,h0866
30th,h0867
30th,h0868
30th,h0869
30th,h0870
30th,h0871
30th,h0872
30th,h0873
30th,h0874
30th,h0875
30th,h0876
30th,h0877
30th,h0878
30th,h0879
30th,h0880
30th,h0881
30th,h0882
30th,h0883
30th,h0884
30th,h0885
30th,h0886
30th,h0887
30th,h0888
30th,h0889
30th,h0890
30th,h0891
30th,h0892
30th,h0893
30th,h0894
30th,h0895
30th,h0896
30th,h0897
30th,h0898
30th,h0899
30th,h0900
30th,h0901
30th,h0902
30th,h0903
30th,h0904
30th,h0905
30th,h0906
30th,h0907
30th,h0908
30th,h0909
30th,h0910
30th,h0911
30th,h0912
30th,h0913
30th,h0914
30th,h0915
30th,h0916
30th,h0917
30th,h0918
30th,h0919
30th,h0920
30th,h0921
30th,h0922
30th,h0923
30th,h0924
30th,h0925
30th,h0926
30th,h0927
30th,h0928
30th,h0929
30th,h0930
30th,h0931
30th,h0932
30th,h0933
30th,h0934
30th,h0935
30th,h0936
30th,h0937
30th,h0938
30th,h0939
30th,h0940
30th,h0941
30th,h0942
30th,h0943
30th,h0944
30th,h0945
30th,h0946
30th,h0947
30th,h0948
30th,h0949
30th,h0950
30th,h0951
30th,h0952
30th,h0953
30th,h0954
30th,h0955
30th,h0956
30th,h0957
30th,h0958
30th,h0959
30th,h0960
30th,h0961
30th,h0962
30th,h0963
30th,h0964
30th,h0965
30th,h0966
30th,h0967
30th,h0968
30th,h0969
30th,h0970
30th,h0971
30th,h0972
30th,h0973
30th,h0974
30th,h0975
30th,h0976
30th,h0977
30th,h0978
30th,h0979
30th,h0980
30th,h0981
30th,h0982
30th,h0983
30th,h0984
30th,h0985
30th,h0986
30th,h0987
30th,h0988
30th,h0989
30th,h0990
30th,h0991
30th,h0992
30th,h0993
30th,h0994
30th,h0995
30th,h0996
30th,h0997
30th,h0998
30th,h0999
30th,h1000
30th,h1001
30th,h1002
30th,h1003
30th,h1004
30th,h1005
30th,h1006
30th,h1007
30th,h1008
30th,h1009
30th,h1010
30th,h1011
30th,h1012
30th,h1013
30th,h1014
30th,h1015
30th,h1016
30th,h1017
30th,h1018
30th,h1019
30th,h1020
30th,h1021
30th,h1022
30th,h1023
30th,h1024
30th,h1025
30th,h1026
30th,h1027
30th,h1028
30th,h1029
30th,h1030
30th,h1031
30th,h1032
30th,h1033
30th,h1034
30th,h1035
30th,h1036
30th,h1037
30th,h1038
30th,h1039
30th,h1040
30th,h1041
30th,h1042
30th,h1043
30th,h1044
30th,h1045
30th,h1046
30th,h1047
30th,h1048
30th,h1049
30th,h1050
30th,h1051
30th,h1052
30th,h1053
30th,h1054
30th,h1055
30th,h1056
30th,h1057
30th,h1058
30th,h1059
30th,h1060
30th,h1061
30th,h1062
30th,h1063
30th,h1064
30th,h1065
30th,h1066
30th,h1067
30th,h1068
30th,h1069
30th,h1070
30th,h1071
30th,h1072
30th,h1073
30th,h1074
30th,h1075
30th,h1076
30th,h1077
30th,h1078
30th,h1079
30th,h1080
30th,h1081
30th,h1082
30th,h1083
30th,h1084
30th,h1085
30th,h1086
30th,h1087
30th,h1088
30th,h1089
30th,h1090
30th,h1091
30th,h1092
30th,h1093
30th,h1094
30th,h1095
30th,h1096
30th,h1097
30th,h1098
30th,h1099
30th,h1100
30th,h1101
30th,h1102
30th,h1103
30th,h1104
30th,h1105
30th,h1106
30th,h1107
30th,h1108
30th,h1109
30th,h1110
30th,h1111
30th,h1112
30th,h1113
30th,h1114
30th,h1115
30th,h1116
30th,h1117
30th,h1118
30th,h1119
30th,h1120
30th,h1121
30th,h1122
30th,h1123
30th,h1124
30th,h1125
30th,h1126
30th,h1127
30th,h1128
30th,h1129
30th,h1130
30th,h1131
30th,h1132
30th,h1133
30th,h1134
30th,h1135
30th,h1136
30th,h1137
30th,h1138
30th,h1139
30th,h1140
30th,h1141
30th,h1142
30th,h1143
30th,h1144
30th,h1145
30th,h1146
30th,h1147
30th,h1148
30th,h1149
30th,h1150
30th,h1151
30th,h1152
30th,h1153
30th,h1154
30th,h1155
30th,h1156
30th,h1157
30th,h1158
30th,h1159
30th,h1160
30th,h1161
30th,h1162
30th,h1163
30th,h1164
30th,h1165
30th,h1166
30th,h1167
30th,h1168
30th,h1169
30th,h1170
30th,h1171
30th,h1172
30th,h1173
30th,h1174
30th,h1175
30th,h1176
30th,h1177
30th,h1178
30th,h1179
30th,h1180
30th,h1181
30th,h1182
30th,h1183
30th,h1184
30th,h1185
30th,h1186
30th,h1187
30th,h1188
30th,h1189
30th,h1190
30th,h1191
30th,h1192
30th,h1193
30th,h1194
30th,h1195
30th,h1196
30th,h1197
30th,h1198
30th,h1199
30th,h1200
30th,h1201
30th,h1202
30th,h1203
30th,h1204
30th,h1205
30th,h1206
30th,h1207
30th,h1208
30th,h1209
30th,h1210
30th,h1211
30th,h1212
30th,h1213
30th,h1214
30th,h1215
30th,h1216
30th,h1217
30th,h1218
30th,h1219
30th,h1220
30th,h1221
30th,h1222
30th,h1223
30th,h1224
30th,h1225
30th,h1226
30th,h1227
30th,h1228
30th,h1229
30th,h1230
30th,h1231
30th,h1232
30th,h1233
30th,h1234
30th,h1235
30th,h1236
30th,h1237
30th,h1238
30th,h1239
30th,h1240
30th,h1241
30th,h1242
30th,h1243
30th,h1244
30th,h1245
30th,h1246
30th,h1247
30th,h1248
30th,h1249
30th,h1250
30th,h1251
30th,h1252
30th,h1253
30th,h1254
30th,h1255
30th,h1256
30th,h1257
30th,h1258
30th,h1259
30th,h1260
30th,h1261
30th,h1262
30th,h1263
30th,h1264
30th,h1265
30th,h1266
30th,h1267
30th,h1268
30th,h1269
30th,h1270
30th,h1271
30th,h1272
30th,h1273
30th,h1274
30th,h1275
30th,h1276
30th,h1277
30th,h1278
30th,h1279
30th,h1280
30th,h1281
30th,h1282
30th,h1283
30th,h1284
30th,h1285
30th,h1286
30th,h1287
30th,h1288
30th,h1289
30th,h1290
30th,h1291
30th,h1292
30th,h1293
30th,h1294
30th,h1295
30th,h1296
30th,h1297
30th,h1298
30th,h1299
30th,h1300
30th,h1301
30th,h1302
30th,h1303
30th,h1304
30th,h1305
30th,h1306
30th,h1307
30th,h1308
30th,h1309
30th,h1310
30th,h1311
30th,h1312
30th,h1313
30th,h1314
30th,h1315
30th,h1316
30th,h1317
30th,h1318
30th,h1319
30th,h1320
30th,h1321
30th,h1322
30th,h1323
30th,h1324
30th,h1325
30th,h1326
30th,h1327
30th,h1328
30th,h1329
30th,h1330
30th,h1331
30th,h1332
30th,h1333
30th,h1334
30th,h1335
30th,h1336
30th,h1337
30th,h1338
30th,h1339
30th,h1340
30th,h1341
30th,h1342
30th,h1343
30th,h1344
30th,h1345
30th,h1346
30th,h1347
30th,h1348
30th,h1349
30th,h1350
30th,h1351
30th,h1352
30th,h1353
30th,h1354
30th,h1355
30th,h1356
30th,h1357
30th,h1358
30th,h1359
30th,h1360
30th,h1361
30th,h1362
30th,h1363
30th,h1364
30th,h1365
30th,h1366
30th,h1367
30th,h1368
30th,h1369
30th,h1370
30th,h1371
30th,h1372
30th,h1373
30th,h1374
30th,h1375
30th,h1376
30th,h1377
30th,h1378
30th,h1379
30th,h1380
30th,h1381
30th,h1382
30th,h1383
30th,h1384
30th,h1385
30th,h1386
30th,h1387
30th,h1388
30th,h1389
30th,h1390
30th,h1391
30th,h1392
30th,h1393
30th,h1394
30th,h1395
30th,h1396
30th,h1397
30th,h1398
30th,h1399
30th,h1400
30th,h1401
30th,h1402
30th,h1403
30th,h1404
30th,h1405
30th,h1406
30th,h1407
30th,h1408
30th,h1409
30th,h1410
30th,h1411
30th,h1412
30th,h1413
30th,h1414
30th,h1415
30th,h1416
30th,h1417
30th,h1418
30th,h1419
30th,h1420
30th,h1421
30th,h1422
30th,h1423
30th,h1424
30th,h1425
30th,h1426
30th,h1427
30th,h1428
30th,h1429
30th,h1430
30th,h1431
30th,h1432
30th,h1433
30th,h1434
30th,h1435
30th,h1436
30th,h1437
30th,h1438
30th,h1439
30th,h1440
30th,h1441
30th,h1442
30th,h1443
30th,h1444
30th,h1445
30th,h1446
30th,h1447
30th,h1448
30th,h1449
30th,h1450
30th,h1451
30th,h1452
30th,h1453
30th,h1454
30th,h1455
30th,h1456
30th,h1457
30th,h1458
30th,h1459
30th,h1460
30th,h1461
30th,h1462
30th,h1463
30th,h1464
30th,h1465
30th,h1466
30th,h1467
30th,h1468
30th,h1469
30th,h1470
30th,h1471
30th,h1472
30th,h1473
30th,h1474
30th,h1475
30th,h1476
30th,h1477
30th,h1478
30th,h1479
30th,h1480
30th,h1481
30th,h1482
30th,h1483
30th,h1484
30th,h1485
30th,h1486
30th,h1487
30th,h1488
30th,h1489
30th,h1490
30th,h1491
30th,h1492
30th,h1493
30th,h1494
30th,h1495
30th,h1496
30th,h1497
30th,h1498
30th,h1499
30th,h1500
30th,h1501
30th,h1502
30th,h1503
30th,h1504
30th,h1505
30th,h1506
30th,h1507
30th,h1508
30th,h1509
30th,h1510
30th,h1511
30th,h1512
30th,h1513
30th,h1514
30th,h1515
30th,h1516
30th,h1517
30th,h1518
30th,h1519
30th,h1520
30th,h1521
30th,h1522
30th,h1523
30th,h1524
30th,h1525
30th,h1526
30th,h1527
30th,h1528
30th,h1529
30th,h1530
30th,h1531
30th,h1532
30th,h1533
30th,h1534
30th,h1535
30th,h1536
30th,h1537
30th,h1538
30th,h1539
30th,h1540
30th,h1541
30th,h1542
30th,h1543
30th,h1544
30th,h1545
30th,h1546
30th,h1547
30th,h1548
30th,h1549
30th,h1550
30th,h1551
30th,h1552
30th,h1553
30th,h1554
30th,h1555
30th,h1556
30th,h1557
30th,h1558
30th,h1559
30th,h1560
30th,h1561
30th,h1562
30th,h1563
30th,h1564
30th,h1565
30th,h1566
30th,h1567
30th,h1568
30th,h1569
30th,h1570
30th,h1571
30th,h1572
30th,h1573
30th,h1574
30th,h1575
30th,h1576
30th,h1577
30th,h1578
30th,h1579
30th,h1580
30th,h1581
30th,h1582
30th,h1583
30th,h1584
30th,h1585
30th,h1586
30th,h1587
30th,h1588
30th,h1589
30th,h1590
30th,h1591
30th,h1592
30th,h1593
30th,h1594
30th,h1595
30th,h1596
30th,h1597
30th,h1598
30th,h1599
30th,h1600
30th,h1601
30th,h1602
30th,h1603
30th,h1604
30th,h1605
30th,h1606
30th,h1607
30th,h1608
30th,h1609
30th,h1610
30th,h1611
30th,h1612
30th,h1613
30th,h1614
30th,h1615
30th,h1616
30th,h1617
30th,h1618
30th,h1619
30th,h1620
30th,h1621
30th,h1622
30th,h1623
30th,h1624
30th,h1625
30th,h1626
30th,h1627
30th,h1628
30th,h1629
30th,h1630
30th,h1631
30th,h1632
30th,h1633
30th,h1634
30th,h1635
30th,h1636
30th,h1637
30th,h1638
30th,h1639
30th,h1640
30th,h1641
30th,h1642
30th,h1643
30th,h1644
30th,h1645
30th,h1646
30th,h1647
30th,h1648
30th,h1649
30th,h1650
30th,h1651
30th,h1652
30th,h1653
30th,h1654
30th,h1655
30th,h1656
30th,h1657
30th,h1658
30th,h1659
30th,h1660
30th,h1661
30th,h1662
30th,h1663
30th,h1664
30th,h1665
30th,h1666
30th,h1667
30th,h1668
30th,h1669
30th,h1670
30th,h1671
30th,h1672
30th,h1673
30th,h1674
30th,h1675
30th,h1676
30th,h1677
30th,h1678
30th,h1679
30th,h1680
30th,h1681
30th,h1682
30th,h1683
30th,h1684
30th,h1685
30th,h1686
30th,h1687
30th,h1688
30th,h1689
30th,h1690
30th,h1691
30th,h1692
30th,h1693
30th,h1694
30th,h1695
30th,h1696
30th,h1697
30th,h1698
30th,h1699
30th,h1700
30th,h1701
30th,h1702
30th,h1703
30th,h1704
30th,h1705
30th,h1706
30th,h1707
30th,h1708
30th,h1709
30th,h1710
30th,h1711
30th,h1712
30th,h1713
30th,h1714
30th,h1715
30th,h1716
30th,h1717
30th,h1718
30th,h1719
30th,h1720
30th,h1721
30th,h1722
30th,h1723
30th,h1724
30th,h1725
30th,h1726
30th,h1727
30th,h1728
30th,h1729
30th,h1730
30th,h1731
30th,h1732
30th,h1733
30th,h1734
30th,h1735
30th,h1736
30th,h1737
30th,h1738
30th,h1739
30th,h1740
30th,h1741
30th,h1742
30th,h1743
30th,h1744
30th,h1745
30th,h1746
30th,h1747
30th,h1748
30th,h1749
30th,h1750
30th,h1751
30th,h1752
30th,h1753
30th,h1754
30th,h1755
30th,h1756
30th,h1757
30th,h1758
30th,h1759
30th,h1760
30th,h1761
30th,h1762
30th,h1763
30th,h1764
30th,h1765
30th,h1766
30th,h1767
30th,h1768
30th,h1769
30th,h1770
30th,h1771
30th,h1772
30th,h1773
30th,h1774
30th,h1775
30th,h1776
30th,h1777
30th,h1778
30th,h1779
30th,h1780
30th,h1781
30th,h1782
30th,h1783
30th,h1784
30th,h1785
30th,h1786
30th,h1787
30th,h1788
30th,h1789
30th,h1790
30th,h1791
30th,h1792
30th,h1793
30th,h1794
30th,h1795
30th,h1796
30th,h1797
30th,h1798
30th,h1799
30th,h1800
30th,h1801
30th,h1802
30th,h1803
30th,h1804
30th,h1805
30th,h1806
30th,h1807
30th,h1808
30th,h1809
30th,h1810
30th,h1811
30th,h1812
30th,h1813
30th,h1814
30th,h1815
30th,h1816
30th,h1817
30th,h1818
30th,h1819
30th,h1820
30th,h1821
30th,h1822
30th,h1823
30th,h1824
30th,h1825
30th,h1826
30th,h1827
30th,h1828
30th,h1829
30th,h1830
30th,h1831
30th,h1832
30th,h1833
30th,h1834
30th,h1835
30th,h1836
30th,h1837
30th,h1838
30th,h1839
30th,h1840
30th,h1841
30th,h1842
30th,h1843
30th,h1844
30th,h1845
30th,h1846
30th,h1847
30th,h1848
30th,h1849
30th,h1850
30th,h1851
30th,h1852
30th,h1853
30th,h1854
30th,h1855
30th,h1856
30th,h1857
30th,h1858
30th,h1859
30th,h1860
30th,h1861
30th,h1862
30th,h1863
30th,h1864
30th,h1865
30th,h1866
30th,h1867
30th,h1868
30th,h1869
30th,h1870
30th,h1871
30th,h1872
30th,h1873
30th,h1874
30th,h1875
30th,h1876
30th,h1877
30th,h1878
30th,h1879
30th,h1880
30th,h1881
30th,h1882
30th,h1883
30th,h1884
30th,h1885
30th,h1886
30th,h1887
30th,h1888
30th,h1889
30th,h1890
30th,h1891
30th,h1892
30th,h1893
30th,h1894
30th,h1895
30th,h1896
30th,h1897
30th,h1898
30th,h1899
30th,h1900
30th,h1901
30th,h1902
30th,h1903
30th,h1904
30th,h1905
30th,h1906
30th,h1907
30th,h1908
30th,h1909
30th,h1910
30th,h1911
30th,h1912
30th,h1913
30th,h1914
30th,h1915
30th,h1916
30th,h1917
30th,h1918
30th,h1919
30th,h1920
30th,h1921
30th,h1922
30th,h1923
30th,h1924
30th,h1925
30th,h1926
30th,h1927
30th,h1928
30th,h1929
30th,h1930
30th,h1931
30th,h1932
30th,h1933
30th,h1934
30th,h1935
30th,h1936
30th,h1937
30th,h1938
30th,h1939
30th,h1940
30th,h1941
30th,h1942
30th,h1943
30th,h1944
30th,h1945
30th,h1946
30th,h1947
30th,h1948
30th,h1949
30th,h1950
30th,h1951
30th,h1952
30th,h1953
30th,h1954
30th,h1955
30th,h1956
30th,h1957
30th,h1958
30th,h1959
30th,h1960
30th,h1961
30th,h1962
30th,h1963
30th,h1964
30th,h1965
30th,h1966
30th,h1967
30th,h1968
30th,h1969
30th,h1970
30th,h1971
30th,h1972
30th,h1973
30th,h1974
30th,h1975
30th,h1976
30th,h1977
30th,h1978
30th,h1979
30th,h1980
30th,h1981
30th,h1982
30th,h1983
30th,h1984
30th,h1985
30th,h1986
30th,h1987
30th,h1988
30th,h1989
30th,h1990
30th,h1991
30th,h1992
30th,h1993
30th,h1994
30th,h1995
30th,h1996
30th,h1997
30th,h1998
30th,h1999
30th,h2000
30th,h2001
30th,h2002
30th,h2003
30th,h2004
30th,h2005
30th,h2006
30th,h2007
30th,h2008
30th,h2009
30th,h2010
30th,h2011
30th,h2012
30th,h2013
30th,h2014
30th,h2015
30th,h2016
30th,h2017
30th,h2018
30th,h2019
30th,h2020
30th,h2021
30th,h2022
30th,h2023
30th,h2024
30th,h2025
30th,h2026
30th,h2027
30th,h2028
30th,h2029
30th,h2030
30th,h2031
30th,h2032
30th,h2033
30th,h2034
30th,h2035
30th,h2036
30th,h2037
30th,h2038
30th,h2039
30th,h2040
30th,h2041
30th,h2042
30th,h2043
30th,h2044
30th,h2045
30th,h2046
30th,h2047
30th,h2048
30th,h2049
30th,h2050
30th,h2051
30th,h2052
30th,h2053
30th,h2054
30th,h2055
30th,h2056
30th,h2057
30th,h2058
30th,h2059
30th,h2060
30th,h2061
30th,h2062
30th,h2063
30th,h2064
30th,h2065
30th,h2066
30th,h2067
30th,h2068
30th,h2069
30th,h2070
30th,h2071
30th,h2072
30th,h2073
30th,h2074
30th,h2075
30th,h2076
30th,h2077
30th,h2078
30th,h2079
30th,h2080
30th,h2081
30th,h2082
30th,h2083
30th,h2084
30th,h2085
30th,h2086
30th,h2087
30th,h2088
30th,h2089
30th,h2090
30th,h2091
30th,h2092
30th,h2093
30th,h2094
30th,h2095
30th,h2096
30th,h2097
30th,h2098
30th,h2099
30th,h2100
30th,h2101
30th,h2102
30th,h2103
30th,h2104
30th,h2105
30th,h2106
30th,h2107
30th,h2108
30th,h2109
30th,h2110
30th,h2111
30th,h2112
30th,h2113
30th,h2114
30th,h2115
30th,h2116
30th,h2117
30th,h2118
30th,h2119
30th,h2120
30th,h2121
30th,h2122
30th,h2123
30th,h2124
30th,h2125
30th,h2126
30th,h2127
30th,h2128
30th,h2129
30th,h2130
30th,h2131
30th,h2132
30th,h2133
30th,h2134
30th,h2135
30th,h2136
30th,h2137
30th,h2138
30th,h2139
30th,h2140
30th,h2141
30th,h2142
30th,h2143
30th,h2144
30th,h2145
30th,h2146
30th,h2147
30th,h2148
30th,h2149
30th,h2150
30th,h2151
30th,h2152
30th,h2153
30th,h2154
30th,h2155
30th,h2156
30th,h2157
30th,h2158
30th,h2159
30th,h2160
30th,h2161
30th,h2162
30th,h2163
30th,h2164
30th,h2165
30th,h2166
30th,h2167
30th,h2168
30th,h2169
30th,h2170
30th,h2171
30th,h2172
30th,h2173
30th,h2174
30th,h2175
30th,h2176
30th,h2177
30th,h2178
30th,h2179
30th,h2180
30th,h2181
30th,h2182
30th,h2183
30th,h2184
30th,h2185
30th,h2186
30th,h2187
30th,h2188
30th,h2189
30th,h2190
30th,h2191
30th,h2192
30th,h2193
30th,h2194
30th,h2195
30th,h2196
30th,h2197
30th,h2198
30th,h2199
30th,h2200
30th,h2201
30th,h2202
30th,h2203
30th,h2204
30th,h2205
30th,h2206
30th,h2207
30th,h2208
30th,h2209
30th,h2210
30th,h2211
30th,h2212
30th,h2213
30th,h2214
30th,h2215
30th,h2216
30th,h2217
30th,h2218
30th,h2219
30th,h2220
30th,h2221
30th,h2222
30th,h2223
30th,h2224
30th,h2225
30th,h2226
30th,h2227
30th,h2228
30th,h2229
30th,h2230
30th,h2231
30th,h2232
30th,h2233
30th,h2234
30th,h2235
30th,h2236
30th,h2237
30th,h2238
30th,h2239
30th,h2240
30th,h2241
30th,h2242
30th,h2243
30th,h2244
30th,h2245
30th,h2246
30th,h2247
30th,h2248
30th,h2249
30th,h2250
30th,h2251
30th,h2252
30th,h2253
30th,h2254
30th,h2255
30th,h2256
30th,h2257
30th,h2258
30th,h2259
30th,h2260
30th,h2261
30th,h2262
30th,h2263
30th,h2264
30th,h2265
30th,h2266
30th,h2267
30th,h2268
30th,h2269
30th,h2270
30th,h2271
30th,h2272
30th,h2273
30th,h2274
30th,h2275
30th,h2276
30th,h2277
30th,h2278
30th,h2279
30th,h2280
30th,h2281
30th,h2282
30th,h2283
30th,h2284
30th,h2285
30th,h2286
30th,h2287
30th,h2288
30th,h2289
30th,h2290
30th,h2291
30th,h2292
30th,h2293
30th,h2294
30th,h2295
30th,h2296
30th,h2297
30th,h2298
30th,h2299
30th,h2300
30th,h2301
30th,h2302
30th,h2303
30th,h2304
30th,h2305
30th,h2306
30th,h2307
30th,h2308
30th,h2309
30th,h2310
30th,h2311
30th,h2312
30th,h2313
30th,h2314
30th,h2315
30th,h2316
30th,h2317
30th,h2318
30th,h2319
30th,h2320
30th,h2321
30th,h2322
30th,h2323
30th,h2324
30th,h2325
30th,h2326
30th,h2327
30th,h2328
30th,h2329
30th,h2330
30th,h2331
30th,h2332
30th,h2333
30th,h2334
30th,h2335
30th,h2336
30th,h2337
30th,h2338
30th,h2339
30th,h2340
30th,h2341
30th,h2342
30th,h2343
30th,h2344
30th,h2345
30th,h2346
30th,h2347
30th,h2348
30th,h2349
30th,h2350
30th,h2351
30th,h2352
30th,h2353
30th,h2354
30th,h2355
30th,h2356
30th,h2357
30th,h2358
30th,h2359
30th,h2360
30th,h2361
30th,h2362
30th,h2363
30th,h2364
30th,h2365
30th,h2366
30th,h2367
30th,h2368
30th,h2369
30th,h2370
30th,h2371
30th,h2372
30th,h2373
30th,h2374
30th,h2375
30th,h2376
30th,h2377
30th,h2378
30th,h2379
30th,h2380
30th,h2381
30th,h2382
30th,h2383
30th,h2384
30th,h2385
30th,h2386
30th,h2387
30th,h2388
30th,h2389
30th,h2390
30th,h2391
30th,h2392
30th,h2393
30th,h2394
30th,h2395
30th,h2396
30th,h2397
30th,h2398
30th,h2399
30th,h2400
30th,h2401
30th,h2402
30th,h2403
30th,h2404
30th,h2405
30th,h2406
30th,h2407
30th,h2408
30th,h2409
30th,h2410
30th,h2411
30th,h2412
30th,h2413
30th,h2414
30th,h2415
30th,h2416
30th,h2417
30th,h2418
30th,h2419
30th,h2420
30th,h2421
30th,h2422
30th,h2423
30th,h2424
30th,h2425
30th,h2426
30th,h2427
30th,h2428
30th,h2429
30th,h2430
30th,h2431
30th,h2432
30th,h2433
30th,h2434
30th,h2435
30th,h2436
30th,h2437
30th,h2438
30th,h2439
30th,h2440
30th,h2441
30th,h2442
30th,h2443
30th,h2444
30th,h2445
30th,h2446
30th,h2447
30th,h2448
30th,h2449
30th,h2450
30th,h2451
30th,h2452
30th,h2453
30th,h2454
30th,h2455
30th,h2456
30th,h2457
30th,h2458
30th,h2459
30th,h2460
30th,h2461
30th,h2462
30th,h2463
30th,h2464
30th,h2465
30th,h2466
30th,h2467
30th,h2468
30th,h2469
30th,h2470
30th,h2471
30th,h2472
30th,h2473
30th,h2474
30th,h2475
30th,h2476
30th,h2477
30th,h2478
30th,h2479
30th,h2480
30th,h2481
30th,h2482
30th,h2483
30th,h2484
30th,h2485
30th,h2486
30th,h2487
30th,h2488
30th,h2489
30th,h2490
30th,h2491
30th,h2492
30th,h2493
30th,h2494
30th,h2495
30th,h2496
30th,h2497
30th,h2498
30th,h2499
30th,h2500
30th,h2501
30th,h2502
30th,h2503
30th,h2504
30th,h2505
30th,h2506
30th,h2507
30th,h2508
30th,h2509
30th,h2510
30th,h2511
30th,h2512
30th,h2513
30th,h2514
30th,h2515
30th,h2516
30th,h2517
30th,h2518
30th,h2519
30th,h2520
30th,h2521
30th,h2522
30th,h2523
30th,h2524
30th,h2525
30th,h2526
30th,h2527
30th,h2528
30th,h2529
30th,h2530
30th,h2531
30th,h2532
30th,h2533
30th,h2534
30th,h2535
30th,h2536
30th,h2537
30th,h2538
30th,h2539
30th,h2540
30th,h2541
30th,h2542
30th,h2543
30th,h2544
30th,h2545
30th,h2546
30th,h2547
30th,h2548
30th,h2549
30th,h2550
30th,h2551
30th,h2552
30th,h2553
30th,h2554
30th,h2555
30th,h2556
30th,h2557
30th,h2558
30th,h2559
30th,h2560
30th,h2561
30th,h2562
30th,h2563
30th,h2564
30th,h2565
30th,h2566
30th,h2567
30th,h2568
30th,h2569
30th,h2570
30th,h2571
30th,h2572
30th,h2573
30th,h2574
30th,h2575
30th,h2576
30th,h2577
30th,h2578
30th,h2579
30th,h2580
30th,h2581
30th,h2582
30th,h2583
30th,h2584
30th,h2585
30th,h2586
30th,h2587
30th,h2588
30th,h2589
30th,h2590
30th,h2591
30th,h2592
30th,h2593
30th,h2594
30th,h2595
30th,h2596
30th,h2597
30th,h2598
30th,h2599
30th,h2600
30th,h2601
30th,h2602
30th,h2603
30th,h2604
30th,h2605
30th,h2606
30th,h2607
30th,h2608
30th,h2609
30th,h2610
30th,h2611
30th,h2612
30th,h2613
30th,h2614
30th,h2615
30th,h2616
30th,h2617
30th,h2618
30th,h2619
30th,h2620
30th,h2621
30th,h2622
30th,h2623
30th,h2624
30th,h2625
30th,h2626
30th,h2627
30th,h2628
30th,h2629
30th,h2630
30th,h2631
30th,h2632
30th,h2633
30th,h2634
30th,h2635
30th,h2636
30th,h2637
30th,h2638
30th,h2639
30th,h2640
30th,h2641
30th,h2642
30th,h2643
30th,h2644
30th,h2645
30th,h2646
30th,h2647
30th,h2648
30th,h2649
30th,h2650
30th,h2651
30th,h2652
30th,h2653
30th,h2654
30th,h2655
30th,h2656
30th,h2657
30th,h2658
30th,h2659
30th,h2660
30th,h2661
30th,h2662
30th,h2663
30th,h2664
30th,h2665
30th,h2666
30th,h2667
30th,h2668
30th,h2669
30th,h2670
30th,h2671
30th,h2672
30th,h2673
30th,h2674
30th,h2675
30th,h2676
30th,h2677
30th,h2678
30th,h2679
30th,h2680
30th,h2681
30th,h2682
30th,h2683
30th,h2684
30th,h2685
30th,h2686
30th,h2687
30th,h2688
30th,h2689
30th,h2690
30th,h2691
30th,h2692
30th,h2693
30th,h2694
30th,h2695
30th,h2696
30th,h2697
30th,h2698
30th,h2699
30th,h2700
30th,h2701
30th,h2702
30th,h2703
30th,h2704
30th,h2705
30th,h2706
30th,h2707
30th,h2708
30th,h2709
30th,h2710
30th,h2711
30th,h2712
30th,h2713
30th,h2714
30th,h2715
30th,h2716
30th,h2717
30th,h2718
30th,h2719
30th,h2720
30th,h2721
30th,h2722
30th,h2723
30th,h2724
30th,h2725
30th,h2726
30th,h2727
30th,h2728
30th,h2729
30th,h2730
30th,h2731
30th,h2732
30th,h2733
30th,h2734
30th,h2735
30th,h2736
30th,h2737
30th,h2738
30th,h2739
30th,h2740
30th,h2741
30th,h2742
30th,h2743
30th,h2744
30th,h2745
30th,h2746
30th,h2747
30th,h2748
30th,h2749
30th,h2750
30th,h2751
30th,h2752
30th,h2753
30th,h2754
30th,h2755
30th,h2756
30th,h2757
30th,h2758
30th,h2759
30th,h2760
30th,h2761
30th,h2762
30th,h2763
30th,h2764
30th,h2765
30th,h2766
30th,h2767
30th,h2768
30th,h2769
30th,h2770
30th,h2771
30th,h2772
30th,h2773
30th,h2774
30th,h2775
30th,h2776
30th,h2777
30th,h2778
30th,h2779
30th,h2780
30th,h2781
30th,h2782
30th,h2783
30th,h2784
30th,h2785
30th,h2786
30th,h2787
30th,h2788
30th,h2789
30th,h2790
30th,h2791
30th,h2792
30th,h2793
30th,h2794
30th,h2795
30th,h2796
30th,h2797
30th,h2798
30th,h2799
30th,h2800
30th,h2801
30th,h2802
30th,h2803
30th,h2804
30th,h2805
30th,h2806
30th,h2807
30th,h2808
30th,h2809
30th,h2810
30th,h2811
30th,h2812
30th,h2813
30th,h2814
30th,h2815
30th,h2816
30th,h2817
30th,h2818
30th,h2819
30th,h2820
30th,h2821
30th,h2822
30th,h2823
30th,h2824
30th,h2825
30th,h2826
30th,h2827
30th,h2828
30th,h2829
30th,h2830
30th,h2831
30th,h2832
30th,h2833
30th,h2834
30th,h2835
30th,h2836
30th,h2837
30th,h2838
30th,h2839
30th,h2840
30th,h2841
30th,h2842
30th,h2843
30th,h2844
30th,h2845
30th,h2846
30th,h2847
30th,h2848
30th,h2849
30th,h2850
30th,h2851
30th,h2852
30th,h2853
30th,h2854
30th,h2855
30th,h2856
30th,h2857
30th,h2858
30th,h2859
30th,h2860
30th,h2861
30th,h2862
30th,h2863
30th,h2864
30th,h2865
30th,h2866
30th,h2867
30th,h2868
30th,h2869
30th,h2870
30th,h2871
30th,h2872
30th,h2873
30th,h2874
30th,h2875
30th,h2876
30th,h2877
30th,h2878
30th,h2879
30th,h2880
30th,h2881
30th,h2882
30th,h2883
30th,h2884
30th,h2885
30th,h2886
30th,h2887
30th,h2888
30th,h2889
30th,h2890
30th,h2891
30th,h2892
30th,h2893
30th,h2894
30th,h2895
30th,h2896
30th,h2897
30th,h2898
30th,h2899
30th,h2900
30th,h2901
30th,h2902
30th,h2903
30th,h2904
30th,h2905
30th,h2906
30th,h2907
30th,h2908
30th,h2909
30th,h2910
30th,h2911
30th,h2912
30th,h2913
30th,h2914
30th,h2915
30th,h2916
30th,h2917
30th,h2918
30th,h2919
30th,h2920
30th,h2921
30th,h2922
30th,h2923
30th,h2924
30th,h2925
30th,h2926
30th,h2927
30th,h2928
30th,h2929
30th,h2930
30th,h2931
30th,h2932
30th,h2933
30th,h2934
30th,h2935
30th,h2936
30th,h2937
30th,h2938
30th,h2939
30th,h2940
30th,h2941
30th,h2942
30th,h2943
30th,h2944
30th,h2945
30th,h2946
30th,h2947
30th,h2948
30th,h2949
30th,h2950
30th,h2951
30th,h2952
30th,h2953
30th,h2954
30th,h2955
30th,h2956
30th,h2957
30th,h2958
30th,h2959
30th,h2960
30th,h2961
30th,h2962
30th,h2963
30th,h2964
30th,h2965
30th,h2966
30th,h2967
30th,h2968
30th,h2969
30th,h2970
30th,h2971
30th,h2972
30th,h2973
30th,h2974
30th,h2975
30th,h2976
30th,h2977
30th,h2978
30th,h2979
30th,h2980
30th,h2981
30th,h2982
30th,h2983
30th,h2984
30th,h2985
30th,h2986
30th,h2987
30th,h2988
30th,h2989
30th,h2990
30th,h2991
30th,h2992
30th,h2993
30th,h2994
30th,h2995
30th,h2996
30th,h2997
30th,h2998
30th,h2999
30th,h3000
30th,h3001
30th,h3002
30th,h3003
30th,h3004
30th,h3005
30th,h3006
30th,h3007
30th,h3008
30th,h3009
30th,h3010
30th,h3011
30th,h3012
30th,h3013
30th,h3014
30th,h3015
30th,h3016
30th,h3017
30th,h3018
30th,h3019
30th,h3020
30th,h3021
30th,h3022
30th,h3023
30th,h3024
30th,h3025
30th,h3026
30th,h3027
30th,h3028
30th,h3029
30th,h3030
30th,h3031
30th,h3032
30th,h3033
30th,h3034
30th,h3035
30th,h3036
30th,h3037
30th,h3038
30th,h3039
30th,h3040
30th,h3041
30th,h3042
30th,h3043
30th,h3044
30th,h3045
30th,h3046
30th,h3047
30th,h3048
30th,h3049
30th,h3050
30th,h3051
30th,h3052
30th,h3053
30th,h3054
30th,h3055
30th,h3056
30th,h3057
30th,h3058
30th,h3059
30th,h3060
30th,h3061
30th,h3062
30th,h3063
30th,h3064
30th,h3065
30th,h3066
30th,h3067
30th,h3068
30th,h3069
30th,h3070
30th,h3071
30th,h3072
30th,h3073
30th,h3074
30th,h3075
30th,h3076
30th,h3077
30th,h3078
30th,h3079
30th,h3080
30th,h3081
30th,h3082
30th,h3083
30th,h3084
30th,h3085
30th,h3086
30th,h3087
30th,h3088
30th,h3089
30th,h3090
30th,h3091
30th,h3092
30th,h3093
30th,h3094
30th,h3095
30th,h3096
30th,h3097
30th,h3098
30th,h3099
30th,h3100
30th,h3101
30th,h3102
30th,h3103
30th,h3104
30th,h3105
30th,h3106
30th,h3107
30th,h3108
30th,h3109
30th,h3110
30th,h3111
30th,h3112
30th,h3113
30th,h3114
30th,h3115
30th,h3116
30th,h3117
30th,h3118
30th,h3119
30th,h3120
30th,h3121
30th,h3122
30th,h3123
30th,h3124
30th,h3125
30th,h3126
30th,h3127
30th,h3128
30th,h3129
30th,h3130
30th,h3131
30th,h3132
30th,h3133
30th,h3134
30th,h3135
30th,h3136
30th,h3137
30th,h3138
30th,h3139
30th,h3140
30th,h3141
30th,h3142
30th,h3143
30th,h3144
30th,h3145
30th,h3146
30th,h3147
30th,h3148
30th,h3149
30th,h3150
30th,h3151
30th,h3152
30th,h3153
30th,h3154
30th,h3155
30th,h3156
30th,h3157
30th,h3158
30th,h3159
30th,h3160
30th,h3161
30th,h3162
30th,h3163
30th,h3164
30th,h3165
30th,h3166
30th,h3167
30th,h3168
30th,h3169
30th,h3170
30th,h3171
30th,h3172
30th,h3173
30th,h3174
30th,h3175
30th,h3176
30th,h3177
30th,h3178
30th,h3179
30th,h3180
30th,h3181
30th,h3182
30th,h3183
30th,h3184
30th,h3185
30th,h3186
30th,h3187
30th,h3188
30th,h3189
30th,h3190
30th,h3191
30th,h3192
30th,h3193
30th,h3194
30th,h3195
30th,h3196
30th,h3197
30th,h3198
30th,h3199
30th,h3200
30th,h3201
30th,h3202
30th,h3203
30th,h3204
30th,h3205
30th,h3206
30th,h3207
30th,h3208
30th,h3209
30th,h3210
30th,h3211
30th,h3212
30th,h3213
30th,h3214
30th,h3215
30th,h3216
30th,h3217
30th,h3218
30th,h3219
30th,h3220
30th,h3221
30th,h3222
30th,h3223
30th,h3224
30th,h3225
30th,h3226
30th,h3227
30th,h3228
30th,h3229
30th,h3230
30th,h3231
30th,h3232
30th,h3233
30th,h3234
30th,h3235
30th,h3236
30th,h3237
30th,h3238
30th,h3239
30th,h3240
30th,h3241
30th,h3242
30th,h3243
30th,h3244
30th,h3245
30th,h3246
30th,h3247
30th,h3248
30th,h3249
30th,h3250
30th,h3251
30th,h3252
30th,h3253
30th,h3254
30th,h3255
30th,h3256
30th,h3257
30th,h3258
30th,h3259
30th,h3260
30th,h3261
30th,h3262
30th,h3263
30th,h3264
30th,h3265
30th,h3266
30th,h3267
30th,h3268
30th,h3269
30th,h3270
30th,h3271
30th,h3272
30th,h3273
30th,h3274
30th,h3275
30th,h3276
30th,h3277
30th,h3278
30th,h3279
30th,h3280
30th,h3281
30th,h3282
30th,h3283
30th,h3284
30th,h3285
30th,h3286
30th,h3287
30th,h3288
30th,h3289
30th,h3290
30th,h3291
30th,h3292
30th,h3293
30th,h3294
30th,h3295
30th,h3296
30th,h3297
30th,h3298
30th,h3299
30th,h3300
30th,h3301
30th,h3302
30th,h3303
30th,h3304
30th,h3305
30th,h3306
30th,h3307
30th,h3308
30th,h3309
30th,h3310
30th,h3311
30th,h3312
30th,h3313
30th,h3314
30th,h3315
30th,h3316
30th,h3317
30th,h3318
30th,h3319
30th,h3320
30th,h3321
30th,h3322
30th,h3323
30th,h3324
30th,h3325
30th,h3326
30th,h3327
30th,h3328
30th,h3329
30th,h3330
30th,h3331
30th,h3332
30th,h3333
30th,h3334
30th,h3335
30th,h3336
30th,h3337
30th,h3338
30th,h3339
30th,h3340
30th,h3341
30th,h3342
30th,h3343
30th,h3344
30th,h3345
30th,h3346
30th,h3347
30th,h3348
30th,h3349
30th,h3350
30th,h3351
30th,h3352
30th,h3353
30th,h3354
30th,h3355
30th,h3356
30th,h3357
30th,h3358
30th,h3359
30th,h3360
30th,h3361
30th,h3362
30th,h3363
30th,h3364
30th,h3365
30th,h3366
30th,h3367
30th,h3368
30th,h3369
30th,h3370
30th,h3371
30th,h3372
30th,h3373
30th,h3374
30th,h3375
30th,h3376
30th,h3377
30th,h3378
30th,h3379
30th,h3380
30th,h3381
30th,h3382
30th,h3383
30th,h3384
30th,h3385
30th,h3386
30th,h3387
30th,h3388
30th,h3389
30th,h3390
30th,h3391
30th,h3392
30th,h3393
30th,h3394
30th,h3395
30th,h3396
30th,h3397
30th,h3398
30th,h3399
30th,h3400
30th,h3401
30th,h3402
30th,h3403
30th,h3404
30th,h3405
30th,h3406
30th,h3407
30th,h3408
30th,h3409
30th,h3410
30th,h3411
30th,h3412
30th,h3413
30th,h3414
30th,h3415
30th,h3416
30th,h3417
30th,h3418
30th,h3419
30th,h3420
30th,h3421
30th,h3422
30th,h3423
30th,h3424
30th,h3425
30th,h3426
30th,h3427
30th,h3428
30th,h3429
30th,h3430
30th,h3431
30th,h3432
30th,h3433
30th,h3434
30th,h3435
30th,h3436
30th,h3437
30th,h3438
30th,h3439
30th,h3440
30th,h3441
30th,h3442
30th,h3443
30th,h3444
30th,h3445
30th,h3446
30th,h3447
30th,h3448
30th,h3449
30th,h3450
30th,h3451
30th,h3452
30th,h3453
30th,h3454
30th,h3455
30th,h3456
30th,h3457
30th,h3458
30th,h3459
30th,h3460
30th,h3461
30th,h3462
30th,h3463
30th,h3464
30th,h3465
30th,h3466
30th,h3467
30th,h3468
30th,h3469
30th,h3470
30th,h3471
30th,h3472
30th,h3473
30th,h3474
30th,h3475
30th,h3476
30th,h3477
30th,h3478
30th,h3479
30th,h3480
30th,h3481
30th,h3482
30th,h3483
30th,h3484
30th,h3485
30th,h3486
30th,h3487
30th,h3488
30th,h3489
30th,h3490
30th,h3491
30th,h3492
30th,h3493
30th,h3494
30th,h3495
30th,h3496
30th,h3497
30th,h3498
30th,h3499
30th,h3500
30th,h3501
30th,h3502
30th,h3503
30th,h3504
30th,h3505
30th,h3506
30th,h3507
30th,h3508
30th,h3509
30th,h3510
30th,h3511
30th,h3512
30th,h3513
30th,h3514
30th,h3515
30th,h3516
30th,h3517
30th,h3518
30th,h3519
30th,h3520
30th,h3521
30th,h3522
30th,h3523
30th,h3524
30th,h3525
30th,h3526
30th,h3527
30th,h3528
30th,h3529
30th,h3530
30th,h3531
30th,h3532
30th,h3533
30th,h3534
30th,h3535
30th,h3536
30th,h3537
30th,h3538
30th,h3539
30th,h3540
30th,h3541
30th,h3542
30th,h3543
30th,h3544
30th,h3545
30th,h3546
30th,h3547
30th,h3548
30th,h3549
30th,h3550
30th,h3551
30th,h3552
30th,h3553
30th,h3554
30th,h3555
30th,h3556
30th,h3557
30th,h3558
30th,h3559
30th,h3560
30th,h3561
30th,h3562
30th,h3563
30th,h3564
30th,h3565
30th,h3566
30th,h3567
30th,h3568
30th,h3569
30th,h3570
30th,h3571
30th,h3572
30th,h3573
30th,h3574
30th,h3575
30th,h3576
30th,h3577
30th,h3578
30th,h3579
30th,h3580
30th,h3581
30th,h3582
30th,h3583
30th,h3584
30th,h3585
30th,h3586
30th,h3587
30th,h3588
30th,h3589
30th,h3590
30th,h3591
30th,h3592
30th,h3593
30th,h3594
30th,h3595
30th,h3596
30th,h3597
30th,h3598
30th,h3599
30th,h3600
30th,h3601
30th,h3602
30th,h3603
30th,h3604
30th,h3605
30th,h3606
30th,h3607
30th,h3608
30th,h3609
30th,h3610
30th,h3611
30th,h3612
30th,h3613
30th,h3614
30th,h3615
30th,h3616
30th,h3617
30th,h3618
30th,h3619
30th,h3620
30th,h3621
30th,h3622
30th,h3623
30th,h3624
30th,h3625
30th,h3626
30th,h3627
30th,h3628
30th,h3629
30th,h3630
30th,h3631
30th,h3632
30th,h3633
30th,h3634
30th,h3635
30th,h3636
30th,h3637
30th,h3638
30th,h3639
30th,h3640
30th,h3641
30th,h3642
30th,h3643
30th,h3644
30th,h3645
30th,h3646
30th,h3647
30th,h3648
30th,h3649
30th,h3650
30th,h3651
30th,h3652
30th,h3653
30th,h3654
30th,h3655
30th,h3656
30th,h3657
30th,h3658
30th,h3659
30th,h3660
30th,h3661
30th,h3662
30th,h3663
30th,h3664
30th,h3665
30th,h3666
30th,h3667
30th,h3668
30th,h3669
30th,h3670
30th,h3671
30th,h3672
30th,h3673
30th,h3674
30th,h3675
30th,h3676
30th,h3677
30th,h3678
30th,h3679
30th,h3680
30th,h3681
30th,h3682
30th,h3683
30th,h3684
30th,h3685
30th,h3686
30th,h3687
30th,h3688
30th,h3689
30th,h3690
30th,h3691
30th,h3692
30th,h3693
30th,h3694
30th,h3695
30th,h3696
30th,h3697
30th,h3698
30th,h3699
30th,h3700
30th,h3701
30th,h3702
30th,h3703
30th,h3704
30th,h3705
30th,h3706
30th,h3707
30th,h3708
30th,h3709
30th,h3710
30th,h3711
30th,h3712
30th,h3713
30th,h3714
30th,h3715
30th,h3716
30th,h3717
30th,h3718
30th,h3719
30th,h3720
30th,h3721
30th,h3722
30th,h3723
30th,h3724
30th,h3725
30th,h3726
30th,h3727
30th,h3728
30th,h3729
30th,h3730
30th,h3731
30th,h3732
30th,h3733
30th,h3734
30th,h3735
30th,h3736
30th,h3737
30th,h3738
30th,h3739
30th,h3740
30th,h3741
30th,h3742
30th,h3743
30th,h3744
30th,h3745
30th,h3746
30th,h3747
30th,h3748
30th,h3749
30th,h3750
30th,h3751
30th,h3752
30th,h3753
30th,h3754
30th,h3755
30th,h3756
30th,h3757
30th,h3758
30th,h3759
30th,h3760
30th,h3761
30th,h3762
30th,h3763
30th,h3764
30th,h3765
30th,h3766
30th,h3767
30th,h3768
30th,h3769
30th,h3770
30th,h3771
30th,h3772
30th,h3773
30th,h3774
30th,h3775
30th,h3776
30th,h3777
30th,h3778
30th,h3779
30th,h3780
30th,h3781
30th,h3782
30th,h3783
30th,h3784
30th,h3785
30th,h3786
30th,h3787
30th,h3788
30th,h3789
30th,h3790
30th,h3791
30th,h3792
30th,h3793
30th,h3794
30th,h3795
30th,h3796
30th,h3797
30th,h3798
30th,h3799
30th,h3800
30th,h3801
30th,h3802
30th,h3803
30th,h3804
30th,h3805
30th,h3806
30th,h3807
30th,h3808
30th,h3809
30th,h3810
30th,h3811
30th,h3812
30th,h3813
30th,h3814
30th,h3815
30th,h3816
30th,h3817
30th,h3818
30th,h3819
30th,h3820
30th,h3821
30th,h3822
30th,h3823
30th,h3824
30th,h3825
30th,h3826
30th,h3827
30th,h3828
30th,h3829
30th,h3830
30th,h3831
30th,h3832
30th,h3833
30th,h3834
30th,h3835
30th,h3836
30th,h3837
30th,h3838
30th,h3839
30th,h3840
30th,h3841
30th,h3842
30th,h3843
30th,h3844
30th,h3845
30th,h3846
30th,h3847
30th,h3848
30th,h3849
30th,h3850
30th,h3851
30th,h3852
30th,h3853
30th,h3854
30th,h3855
30th,h3856
30th,h3857
30th,h3858
30th,h3859
30th,h3860
30th,h3861
30th,h3862
30th,h3863
30th,h3864
30th,h3865
30th,h3866
30th,h3867
30th,h3868
30th,h3869
30th,h3870
30th,h3871
30th,h3872
30th,h3873
30th,h3874
30th,h3875
30th,h3876
30th,h3877
30th,h3878
30th,h3879
30th,h3880
30th,h3881
30th,h3882
30th,h3883
30th,h3884
30th,h3885
30th,h3886
30th,h3887
30th,h3888
30th,h3889
30th,h3890
30th,h3891
30th,h3892
30th,h3893
30th,h3894
30th,h3895
30th,h3896
30th,h3897
30th,h3898
30th,h3899
30th,h3900
30th,h3901
30th,h3902
30th,h3903
30th,h3904
30th,h3905
30th,h3906
30th,h3907
30th,h3908
30th,h3909
30th,h3910
30th,h3911
30th,h3912
30th,h3913
30th,h3914
30th,h3915
30th,h3916
30th,h3917
30th,h3918
30th,h3919
30th,h3920
30th,h3921
30th,h3922
30th,h3923
30th,h3924
30th,h3925
30th,h3926
30th,h3927
30th,h3928
30th,h3929
30th,h3930
30th,h3931
30th,h3932
30th,h3933
30th,h3934
30th,h3935
30th,h3936
30th,h3937
30th,h3938
30th,h3939
30th,h3940
30th,h3941
30th,h3942
30th,h3943
30th,h3944
30th,h3945
30th,h3946
30th,h3947
30th,h3948
30th,h3949
30th,h3950
30th,h3951
30th,h3952
30th,h3953
30th,h3954
30th,h3955
30th,h3956
30th,h3957
30th,h3958
30th,h3959
30th,h3960
30th,h3961
30th,h3962
30th,h3963
30th,h3964
30th,h3965
30th,h3966
30th,h3967
30th,h3968
30th,h3969
30th,h3970
30th,h3971
30th,h3972
30th,h3973
30th,h3974
30th,h3975
30th,h3976
30th,h3977
30th,h3978
30th,h3979
30th,h3980
30th,h3981
30th,h3982
30th,h3983
30th,h3984
30th,h3985
30th,h3986
30th,h3987
30th,h3988
30th,h3989
30th,h3990
30th,h3991
30th,h3992
30th,h3993
30th,h3994
30th,h3995
30th,h3996
30th,h3997
30th,h3998
30th,h3999
30th,h4000
30th,h4001
30th,h4002
30th,h4003
30th,h4004
30th,h4005
30th,h4006
30th,h4007
30th,h4008
30th,h4009
30th,h4010
30th,h4011
30th,h4012
30th,h4013
30th,h4014
30th,h4015
30th,h4016
30th,h4017
30th,h4018
30th,h4019
30th,h4020
30th,h4021
30th,h4022
30th,h4023
30th,h4024
30th,h4025
30th,h4026
30th,h4027
30th,h4028
30th,h4029
30th,h4030
30th,h4031
30th,h4032
30th,h4033
30th,h4034
30th,h4035
30th,h4036
30th,h4037
30th,h4038
30th,h4039
30th,h4040
30th,h4041
30th,h4042
30th,h4043
30th,h4044
30th,h4045
30th,h4046
30th,h4047
30th,h4048
30th,h4049
30th,h4050
30th,h4051
30th,h4052
30th,h4053
30th,h4054
30th,h4055
30th,h4056
30th,h4057
30th,h4058
30th,h4059
30th,h4060
30th,h4061
30th,h4062
30th,h4063
30th,h4064
30th,h4065
30th,h4066
30th,h4067
30th,h4068
30th,h4069
30th,h4070
30th,h4071
30th,h4072
30th,h4073
30th,h4074
30th,h4075
30th,h4076
30th,h4077
30th,h4078
30th,h4079
30th,h4080
30th,h4081
30th,h4082
30th,h4083
30th,h4084
30th,h4085
30th,h4086
30th,h4087
30th,h4088
30th,h4089
30th,h4090
30th,h4091
30th,h4092
30th,h4093
30th,h4094
30th,h4095
30th,h4096
30th,h4097
30th,h4098
30th,h4099
30th,h4100
30th,h4101
30th,h4102
30th,h4103
30th,h4104
30th,h4105
30th,h4106
30th,h4107
30th,h4108
30th,h4109
30th,h4110
30th,h4111
30th,h4112
30th,h4113
30th,h4114
30th,h4115
30th,h4116
30th,h4117
30th,h4118
30th,h4119
30th,h4120
30th,h4121
30th,h4122
30th,h4123
30th,h4124
30th,h4125
30th,h4126
30th,h4127
30th,h4128
30th,h4129
30th,h4130
30th,h4131
30th,h4132
30th,h4133
30th,h4134
30th,h4135
30th,h4136
30th,h4137
30th,h4138
30th,h4139
30th,h4140
30th,h4141
30th,h4142
30th,h4143
30th,h4144
30th,h4145
30th,h4146
30th,h4147
30th,h4148
30th,h4149
30th,h4150
30th,h4151
30th,h4152
30th,h4153
30th,h4154
30th,h4155
30th,h4156
30th,h4157
30th,h4158
30th,h4159
30th,h4160
30th,h4161
30th,h4162
30th,h4163
30th,h4164
30th,h4165
30th,h4166
30th,h4167
30th,h4168
30th,h4169
30th,h4170
30th,h4171
30th,h4172
30th,h4173
30th,h4174
30th,h4175
30th,h4176
30th,h4177
30th,h4178
30th,h4179
30th,h4180
30th,h4181
30th,h4182
30th,h4183
30th,h4184
30th,h4185
30th,h4186
30th,h4187
30th,h4188
30th,h4189
30th,h4190
30th,h4191
30th,h4192
30th,h4193
30th,h4194
30th,h4195
30th,h4196
30th,h4197
30th,h4198
30th,h4199
30th,h4200
30th,h4201
30th,h4202
30th,h4203
30th,h4204
30th,h4205
30th,h4206
30th,h4207
30th,h4208
30th,h4209
30th,h4210
30th,h4211
30th,h4212
30th,h4213
30th,h4214
30th,h4215
30th,h4216
30th,h4217
30th,h4218
30th,h4219
30th,h4220
30th,h4221
30th,h4222
30th,h4223
30th,h4224
30th,h4225
30th,h4226
30th,h4227
30th,h4228
30th,h4229
30th,h4230
30th,h4231
30th,h4232
30th,h4233
30th,h4234
30th,h4235
30th,h4236
30th,h4237
30th,h4238
30th,h4239
30th,h4240
30th,h4241
30th,h4242
30th,h4243
30th,h4244
30th,h4245
30th,h4246
30th,h4247
30th,h4248
30th,h4249
30th,h4250
30th,h4251
30th,h4252
30th,h4253
30th,h4254
30th,h4255
30th,h4256
30th,h4257
30th,h4258
30th,h4259
30th,h4260
30th,h4261
30th,h4262
30th,h4263
30th,h4264
30th,h4265
30th,h4266
30th,h4267
30th,h4268
30th,h4269
30th,h4270
30th,h4271
30th,h4272
30th,h4273
30th,h4274
30th,h4275
30th,h4276
30th,h4277
30th,h4278
30th,h4279
30th,h4280
30th,h4281
30th,h4282
30th,h4283
30th,h4284
30th,h4285
30th,h4286
30th,h4287
30th,h4288
30th,h4289
30th,h4290
30th,h4291
30th,h4292
30th,h4293
30th,h4294
30th,h4295
30th,h4296
30th,h4297
30th,h4298
30th,h4299
30th,h4300
30th,h4301
30th,h4302
30th,h4303
30th,h4304
30th,h4305
30th,h4306
30th,h4307
30th,h4308
30th,h4309
30th,h4310
30th,h4311
30th,h4312
30th,h4313
30th,h4314
30th,h4315
30th,h4316
30th,h4317
30th,h4318
30th,h4319
30th,h4320
30th,h4321
30th,h4322
30th,h4323
30th,h4324
30th,h4325
30th,h4326
30th,h4327
30th,h4328
30th,h4329
30th,h4330
30th,h4331
30th,h4332
30th,h4333
30th,h4334
30th,h4335
30th,h4336
30th,h4337
30th,h4338
30th,h4339
30th,h4340
30th,h4341
30th,h4342
30th,h4343
30th,h4344
30th,h4345
30th,h4346
30th,h4347
30th,h4348
30th,h4349
30th,h4350
30th,h4351
30th,h4352
30th,h4353
30th,h4354
30th,h4355
30th,h4356
30th,h4357
30th,h4358
30th,h4359
30th,h4360
30th,h4361
30th,h4362
30th,h4363
30th,h4364
30th,h4365
30th,h4366
30th,h4367
30th,h4368
30th,h4369
30th,h4370
30th,h4371
30th,h4372
30th,h4373
30th,h4374
30th,h4375
30th,h4376
30th,h4377
30th,h4378
30th,h4379
30th,h4380
30th,h4381
30th,h4382
30th,h4383
30th,h4384
30th,h4385
30th,h4386
30th,h4387
30th,h4388
30th,h4389
30th,h4390
30th,h4391
30th,h4392
30th,h4393
30th,h4394
30th,h4395
30th,h4396
30th,h4397
30th,h4398
30th,h4399
30th,h4400
30th,h4401
30th,h4402
30th,h4403
30th,h4404
30th,h4405
30th,h4406
30th,h4407
30th,h4408
30th,h4409
30th,h4410
30th,h4411
30th,h4412
30th,h4413
30th,h4414
30th,h4415
30th,h4416
30th,h4417
30th,h4418
30th,h4419
30th,h4420
30th,h4421
30th,h4422
30th,h4423
30th,h4424
30th,h4425
30th,h4426
30th,h4427
30th,h4428
30th,h4429
30th,h4430
30th,h4431
30th,h4432
30th,h4433
30th,h4434
30th,h4435
30th,h4436
30th,h4437
30th,h4438
30th,h4439
30th,h4440
30th,h4441
30th,h4442
30th,h4443
30th,h4444
30th,h4445
30th,h4446
30th,h4447
30th,h4448
30th,h4449
30th,h4450
30th,h4451
30th,h4452
30th,h4453
30th,h4454
30th,h4455
30th,h4456
30th,h4457
30th,h4458
30th,h4459
30th,h4460
30th,h4461
30th,h4462
30th,h4463
30th,h4464
30th,h4465
30th,h4466
30th,h4467
30th,h4468
30th,h4469
30th,h4470
30th,h4471
30th,h4472
30th,h4473
30th,h4474
30th,h4475
30th,h4476
30th,h4477
30th,h4478
30th,h4479
30th,h4480
30th,h4481
30th,h4482
30th,h4483
30th,h4484
30th,h4485
30th,h4486
30th,h4487
30th,h4488
30th,h4489
30th,h4490
30th,h4491
30th,h4492
30th,h4493
30th,h4494
30th,h4495
30th,h4496
30th,h4497
30th,h4498
30th,h4499
30th,h4500
30th,h4501
30th,h4502
30th,h4503
30th,h4504
30th,h4505
30th,h4506
30th,h4507
30th,h4508
30th,h4509
30th,h4510
30th,h4511
30th,h4512
30th,h4513
30th,h4514
30th,h4515
30th,h4516
30th,h4517
30th,h4518
30th,h4519
30th,h4520
30th,h4521
30th,h4522
30th,h4523
30th,h4524
30th,h4525
30th,h4526
30th,h4527
30th,h4528
30th,h4529
30th,h4530
30th,h4531
30th,h4532
30th,h4533
30th,h4534
30th,h4535
30th,h4536
30th,h4537
30th,h4538
30th,h4539
30th,h4540
30th,h4541
30th,h4542
30th,h4543
30th,h4544
30th,h4545
30th,h4546
30th,h4547
30th,h4548
30th,h4549
30th,h4550
30th,h4551
30th,h4552
30th,h4553
30th,h4554
30th,h4555
30th,h4556
30th,h4557
30th,h4558
30th,h4559
30th,h4560
30th,h4561
30th,h4562
30th,h4563
30th,h4564
30th,h4565
30th,h4566
30th,h4567
30th,h4568
30th,h4569
30th,h4570
30th,h4571
30th,h4572
30th,h4573
30th,h4574
30th,h4575
30th,h4576
30th,h4577
30th,h4578
30th,h4579
30th,h4580
30th,h4581
30th,h4582
30th,h4583
30th,h4584
30th,h4585
30th,h4586
30th,h4587
30th,h4588
30th,h4589
30th,h4590
30th,h4591
30th,h4592
30th,h4593
30th,h4594
30th,h4595
30th,h4596
30th,h4597
30th,h4598
30th,h4599
30th,h4600
30th,h4601
30th,h4602
30th,h4603
30th,h4604
30th,h4605
30th,h4606
30th,h4607
30th,h4608
30th,h4609
30th,h4610
30th,h4611
30th,h4612
30th,h4613
30th,h4614
30th,h4615
30th,h4616
30th,h4617
30th,h4618
30th,h4619
30th,h4620
30th,h4621
30th,h4622
30th,h4623
30th,h4624
30th,h4625
30th,h4626
30th,h4627
30th,h4628
30th,h4629
30th,h4630
30th,h4631
30th,h4632
30th,h4633
30th,h4634
30th,h4635
30th,h4636
30th,h4637
30th,h4638
30th,h4639
30th,h4640
30th,h4641
30th,h4642
30th,h4643
30th,h4644
30th,h4645
30th,h4646
30th,h4647
30th,h4648
30th,h4649
30th,h4650
30th,h4651
30th,h4652
30th,h4653
30th,h4654
30th,h4655
30th,h4656
30th,h4657
30th,h4658
30th,h4659
30th,h4660
30th,h4661
30th,h4662
30th,h4663
30th,h4664
30th,h4665
30th,h4666
30th,h4667
30th,h4668
30th,h4669
30th,h4670
30th,h4671
30th,h4672
30th,h4673
30th,h4674
30th,h4675
30th,h4676
30th,h4677
30th,h4678
30th,h4679
30th,h4680
30th,h4681
30th,h4682
30th,h4683
30th,h4684
30th,h4685
30th,h4686
30th,h4687
30th,h4688
30th,h4689
30th,h4690
30th,h4691
30th,h4692
30th,h4693
30th,h4694
30th,h4695
30th,h4696
30th,h4697
30th,h4698
30th,h4699
30th,h4700
30th,h4701
30th,h4702
30th,h4703
30th,h4704
30th,h4705
30th,h4706
30th,h4707
30th,h4708
30th,h4709
30th,h4710
30th,h4711
30th,h4712
30th,h4713
30th,h4714
30th,h4715
30th,h4716
30th,h4717
30th,h4718
30th,h4719
30th,h4720
30th,h4721
30th,h4722
30th,h4723
30th,h4724
30th,h4725
30th,h4726
30th,h4727
30th,h4728
30th,h4729
30th,h4730
30th,h4731
30th,h4732
30th,h4733
30th,h4734
30th,h4735
30th,h4736
30th,h4737
30th,h4738
30th,h4739
30th,h4740
30th,h4741
30th,h4742
30th,h4743
30th,h4744
30th,h4745
30th,h4746
30th,h4747
30th,h4748
30th,h4749
30th,h4750
30th,h4751
30th,h4752
30th,h4753
30th,h4754
30th,h4755
30th,h4756
30th,h4757
30th,h4758
30th,h4759
30th,h4760
30th,h4761
30th,h4762
30th,h4763
30th,h4764
30th,h4765
30th,h4766
30th,h4767
30th,h4768
30th,h4769
30th,h4770
30th,h4771
30th,h4772
30th,h4773
30th,h4774
30th,h4775
30th,h4776
30th,h4777
30th,h4778
30th,h4779
30th,h4780
30th,h4781
30th,h4782
30th,h4783
30th,h4784
30th,h4785
30th,h4786
30th,h4787
30th,h4788
30th,h4789
30th,h4790
30th,h4791
30th,h4792
30th,h4793
30th,h4794
30th,h4795
30th,h4796
30th,h4797
30th,h4798
30th,h4799
30th,h4800
30th,h4801
30th,h4802
30th,h4803
30th,h4804
30th,h4805
30th,h4806
30th,h4807
30th,h4808
30th,h4809
30th,h4810
30th,h4811
30th,h4812
30th,h4813
30th,h4814
30th,h4815
30th,h4816
30th,h4817
30th,h4818
30th,h4819
30th,h4820
30th,h4821
30th,h4822
30th,h4823
30th,h4824
30th,h4825
30th,h4826
30th,h4827
30th,h4828
30th,h4829
30th,h4830
30th,h4831
30th,h4832
30th,h4833
30th,h4834
30th,h4835
30th,h4836
30th,h4837
30th,h4838
30th,h4839
30th,h4840
30th,h4841
30th,h4842
30th,h4843
30th,h4844
30th,h4845
30th,h4846
30th,h4847
30th,h4848
30th,h4849
30th,h4850
30th,h4851
30th,h4852
30th,h4853
30th,h4854
30th,h4855
30th,h4856
30th,h4857
30th,h4858
30th,h4859
30th,h4860
30th,h4861
30th,h4862
30th,h4863
30th,h4864
30th,h4865
30th,h4866
30th,h4867
30th,h4868
30th,h4869
30th,h4870
30th,h4871
30th,h4872
30th,h4873
30th,h4874
30th,h4875
30th,h4876
30th,h4877
30th,h4878
30th,h4879
30th,h4880
30th,h4881
30th,h4882
30th,h4883
30th,h4884
30th,h4885
30th,h4886
30th,h4887
30th,h4888
30th,h4889
30th,h4890
30th,h4891
30th,h4892
30th,h4893
30th,h4894
30th,h4895
30th,h4896
30th,h4897
30th,h4898
30th,h4899
30th,h4900
30th,h4901
30th,h4902
30th,h4903
30th,h4904
30th,h4905
30th,h4906
30th,h4907
30th,h4908
30th,h4909
30th,h4910
30th,h4911
30th,h4912
30th,h4913
30th,h4914
30th,h4915
30th,h4916
30th,h4917
30th,h4918
30th,h4919
30th,h4920
30th,h4921
30th,h4922
30th,h4923
30th,h4924
30th,h4925
30th,h4926
30th,h4927
30th,h4928
30th,h4929
30th,h4930
30th,h4931
30th,h4932
30th,h4933
30th,h4934
30th,h4935
30th,h4936
30th,h4937
30th,h4938
30th,h4939
30th,h4940
30th,h4941
30th,h4942
30th,h4943
30th,h4944
30th,h4945
30th,h4946
30th,h4947
30th,h4948
30th,h4949
30th,h4950
30th,h4951
30th,h4952
30th,h4953
30th,h4954
30th,h4955
30th,h4956
30th,h4957
30th,h4958
30th,h4959
30th,h4960
30th,h4961
30th,h4962
30th,h4963
30th,h4964
30th,h4965
30th,h4966
30th,h4967
30th,h4968
30th,h4969
30th,h4970
30th,h4971
30th,h4972
30th,h4973
30th,h4974
30th,h4975
30th,h4976
30th,h4977
30th,h4978
30th,h4979
30th,h4980
30th,h4981
30th,h4982
30th,h4983
30th,h4984
30th,h4985
30th,h4986
30th,h4987
30th,h4988
30th,h4989
30th,h4990
30th,h4991
30th,h4992
30th,h4993
30th,h4994
30th,h4995
30th,h4996
30th,h4997
30th,h4998
30th,h4999
30th,h5000
30th,h5001
30th,h5002
30th,h5003
30th,h5004
30th,h5005
30th,h5006
30th,h5007
30th,h5008
30th,h5009
30th,h5010
30th,h5011
30th,h5012
30th,h5013
30th,h5014
30th,h5015
30th,h5016
30th,h5017
30th,h5018
30th,h5019
30th,h5020
30th,h5021
30th,h5022
30th,h5023
30th,h5024
30th,h5025
30th,h5026
30th,h5027
30th,h5028
30th,h5029
30th,h5030
30th,h5031
30th,h5032
30th,h5033
30th,h5034
30th,h5035
30th,h5036
30th,h5037
30th,h5038
30th,h5039
30th,h5040
30th,h5041
30th,h5042
30th,h5043
30th,h5044
30th,h5045
30th,h5046
30th,h5047
30th,h5048
30th,h5049
30th,h5050
30th,h5051
30th,h5052
30th,h5053
30th,h5054
30th,h5055
30th,h5056
30th,h5057
30th,h5058
30th,h5059
30th,h5060
30th,h5061
30th,h5062
30th,h5063
30th,h5064
30th,h5065
30th,h5066
30th,h5067
30th,h5068
30th,h5069
30th,h5070
30th,h5071
30th,h5072
30th,h5073
30th,h5074
30th,h5075
30th,h5076
30th,h5077
30th,h5078
30th,h5079
30th,h5080
30th,h5081
30th,h5082
30th,h5083
30th,h5084
30th,h5085
30th,h5086
30th,h5087
30th,h5088
30th,h5089
30th,h5090
30th,h5091
30th,h5092
30th,h5093
30th,h5094
30th,h5095
30th,h5096
30th,h5097
30th,h5098
30th,h5099
30th,h5100
30th,h5101
30th,h5102
30th,h5103
30th,h5104
30th,h5105
30th,h5106
30th,h5107
30th,h5108
30th,h5109
30th,h5110
30th,h5111
30th,h5112
30th,h5113
30th,h5114
30th,h5115
30th,h5116
30th,h5117
30th,h5118
30th,h5119
30th,h5120
30th,h5121
30th,h5122
30th,h5123
30th,h5124
30th,h5125
30th,h5126
30th,h5127
30th,h5128
30th,h5129
30th,h5130
30th,h5131
30th,h5132
30th,h5133
30th,h5134
30th,h5135
30th,h5136
30th,h5137
30th,h5138
30th,h5139
30th,h5140
30th,h5141
30th,h5142
30th,h5143
30th,h5144
30th,h5145
30th,h5146
30th,h5147
30th,h5148
30th,h5149
30th,h5150
30th,h5151
30th,h5152
30th,h5153
30th,h5154
30th,h5155
30th,h5156
30th,h5157
30th,h5158
30th,h5159
30th,h5160
30th,h5161
30th,h5162
30th,h5163
30th,h5164
30th,h5165
30th,h5166
30th,h5167
30th,h5168
30th,h5169
30th,h5170
30th,h5171
30th,h5172
30th,h5173
30th,h5174
30th,h5175
30th,h5176
30th,h5177
30th,h5178
30th,h5179
30th,h5180
30th,h5181
30th,h5182
30th,h5183
30th,h5184
30th,h5185
30th,h5186
30th,h5187
30th,h5188
30th,h5189
30th,h5190
30th,h5191
30th,h5192
30th,h5193
30th,h5194
30th,h5195
30th,h5196
30th,h5197
30th,h5198
30th,h5199
30th,h5200
30th,h5201
30th,h5202
30th,h5203
30th,h5204
30th,h5205
30th,h5206
30th,h5207
30th,h5208
30th,h5209
30th,h5210
30th,h5211
30th,h5212
30th,h5213
30th,h5214
30th,h5215
30th,h5216
30th,h5217
30th,h5218
30th,h5219
30th,h5220
30th,h5221
30th,h5222
30th,h5223
30th,h5224
30th,h5225
30th,h5226
30th,h5227
30th,h5228
30th,h5229
30th,h5230
30th,h5231
30th,h5232
30th,h5233
30th,h5234
30th,h5235
30th,h5236
30th,h5237
30th,h5238
30th,h5239
30th,h5240
30th,h5241
30th,h5242
30th,h5243
30th,h5244
30th,h5245
30th,h5246
30th,h5247
30th,h5248
30th,h5249
30th,h5250
30th,h5251
30th,h5252
30th,h5253
30th,h5254
30th,h5255
30th,h5256
30th,h5257
30th,h5258
30th,h5259
30th,h5260
30th,h5261
30th,h5262
30th,h5263
30th,h5264
30th,h5265
30th,h5266
30th,h5267
30th,h5268
30th,h5269
30th,h5270
30th,h5271
30th,h5272
30th,h5273
30th,h5274
30th,h5275
30th,h5276
30th,h5277
30th,h5278
30th,h5279
30th,h5280
30th,h5281
30th,h5282
30th,h5283
30th,h5284
30th,h5285
30th,h5286
30th,h5287
30th,h5288
30th,h5289
30th,h5290
30th,h5291
30th,h5292
30th,h5293
30th,h5294
30th,h5295
30th,h5296
30th,h5297
30th,h5298
30th,h5299
30th,h5300
30th,h5301
30th,h5302
30th,h5303
30th,h5304
30th,h5305
30th,h5306
30th,h5307
30th,h5308
30th,h5309
30th,h5310
30th,h5311
30th,h5312
30th,h5313
30th,h5314
30th,h5315
30th,h5316
30th,h5317
30th,h5318
30th,h5319
30th,h5320
30th,h5321
30th,h5322
30th,h5323
30th,h5324
30th,h5325
30th,h5326
30th,h5327
30th,h5328
30th,h5329
30th,h5330
30th,h5331
30th,h5332
30th,h5333
30th,h5334
30th,h5335
30th,h5336
30th,h5337
30th,h5338
30th,h5339
30th,h5340
30th,h5341
30th,h5342
30th,h5343
30th,h5344
30th,h5345
30th,h5346
30th,h5347
30th,h5348
30th,h5349
30th,h5350
30th,h5351
30th,h5352
30th,h5353
30th,h5354
30th,h5355
30th,h5356
30th,h5357
30th,h5358
30th,h5359
30th,h5360
30th,h5361
30th,h5362
30th,h5363
30th,h5364
30th,h5365
30th,h5366
30th,h5367
30th,h5368
30th,h5369
30th,h5370
30th,h5371
30th,h5372
30th,h5373
30th,h5374
30th,h5375
30th,h5376
30th,h5377
30th,h5378
30th,h5379
30th,h5380
30th,h5381
30th,h5382
30th,h5383
30th,h5384
30th,h5385
30th,h5386
30th,h5387
30th,h5388
30th,h5389
30th,h5390
30th,h5391
30th,h5392
30th,h5393
30th,h5394
30th,h5395
30th,h5396
30th,h5397
30th,h5398
30th,h5399
30th,h5400
30th,h5401
30th,h5402
30th,h5403
30th,h5404
30th,h5405
30th,h5406
30th,h5407
30th,h5408
30th,h5409
30th,h5410
30th,h5411
30th,h5412
30th,h5413
30th,h5414
30th,h5415
30th,h5416
30th,h5417
30th,h5418
30th,h5419
30th,h5420
30th,h5421
30th,h5422
30th,h5423
30th,h5424
30th,h5425
30th,h5426
30th,h5427
30th,h5428
30th,h5429
30th,h5430
30th,h5431
30th,h5432
30th,h5433
30th,h5434
30th,h5435
30th,h5436
30th,h5437
30th,h5438
30th,h5439
30th,h5440
30th,h5441
30th,h5442
30th,h5443
30th,h5444
30th,h5445
30th,h5446
30th,h5447
30th,h5448
30th,h5449
30th,h5450
30th,h5451
30th,h5452
30th,h5453
30th,h5454
30th,h5455
30th,h5456
30th,h5457
30th,h5458
30th,h5459
30th,h5460
30th,h5461
30th,h5462
30th,h5463
30th,h5464
30th,h5465
30th,h5466
30th,h5467
30th,h5468
30th,h5469
30th,h5470
30th,h5471
30th,h5472
30th,h5473
30th,h5474
30th,h5475
30th,h5476
30th,h5477
30th,h5478
30th,h5479
30th,h5480
30th,h5481
30th,h5482
30th,h5483
30th,h5484
30th,h5485
30th,h5486
30th,h5487
30th,h5488
30th,h5489
30th,h5490
30th,h5491
30th,h5492
30th,h5493
30th,h5494
30th,h5495
30th,h5496
30th,h5497
30th,h5498
30th,h5499
30th,h5500
30th,h5501
30th,h5502
30th,h5503
30th,h5504
30th,h5505
30th,h5506
30th,h5507
30th,h5508
30th,h5509
30th,h5510
30th,h5511
30th,h5512
30th,h5513
30th,h5514
30th,h5515
30th,h5516
30th,h5517
30th,h5518
30th,h5519
30th,h5520
30th,h5521
30th,h5522
30th,h5523
30th,h5524
30th,h5525
30th,h5526
30th,h5527
30th,h5528
30th,h5529
30th,h5530
30th,h5531
30th,h5532
30th,h5533
30th,h5534
30th,h5535
30th,h5536
30th,h5537
30th,h5538
30th,h5539
30th,h5540
30th,h5541
30th,h5542
30th,h5543
30th,h5544
30th,h5545
30th,h5546
30th,h5547
30th,h5548
30th,h5549
30th,h5550
30th,h5551
30th,h5552
30th,h5553
30th,h5554
30th,h5555
30th,h5556
30th,h5557
30th,h5558
30th,h5559
30th,h5560
30th,h5561
30th,h5562
30th,h5563
30th,h5564
30th,h5565
30th,h5566
30th,h5567
30th,h5568
30th,h5569
30th,h5570
30th,h5571
30th,h5572
30th,h5573
30th,h5574
30th,h5575
30th,h5576
30th,h5577
30th,h5578
30th,h5579
30th,h5580
30th,h5581
30th,h5582
30th,h5583
30th,h5584
30th,h5585
30th,h5586
30th,h5587
30th,h5588
30th,h5589
30th,h5590
30th,h5591
30th,h5592
30th,h5593
30th,h5594
30th,h5595
30th,h5596
30th,h5597
30th,h5598
30th,h5599
30th,h5600
30th,h5601
30th,h5602
30th,h5603
30th,h5604
30th,h5605
30th,h5606
30th,h5607
30th,h5608
30th,h5609
30th,h5610
30th,h5611
30th,h5612
30th,h5613
30th,h5614
30th,h5615
30th,h5616
30th,h5617
30th,h5618
30th,h5619
30th,h5620
30th,h5621
30th,h5622
30th,h5623
30th,h5624
30th,h5625
30th,h5626
30th,h5627
30th,h5628
30th,h5629
30th,h5630
30th,h5631
30th,h5632
30th,h5633
30th,h5634
30th,h5635
30th,h5636
30th,h5637
30th,h5638
30th,h5639
30th,h5640
30th,h5641
30th,h5642
30th,h5643
30th,h5644
30th,h5645
30th,h5646
30th,h5647
30th,h5648
30th,h5649
30th,h5650
30th,h5651
30th,h5652
30th,h5653
30th,h5654
30th,h5655
30th,h5656
30th,h5657
30th,h5658
30th,h5659
30th,h5660
30th,h5661
30th,h5662
30th,h5663
30th,h5664
30th,h5665
30th,h5666
30th,h5667
30th,h5668
30th,h5669
30th,h5670
30th,h5671
30th,h5672
30th,h5673
30th,h5674
30th,h5675
30th,h5676
30th,h5677
30th,h5678
30th,h5679
30th,h5680
30th,h5681
30th,h5682
30th,h5683
30th,h5684
30th,h5685
30th,h5686
30th,h5687
30th,h5688
30th,h5689
30th,h5690
30th,h5691
30th,h5692
30th,h5693
30th,h5694
30th,h5695
30th,h5696
30th,h5697
30th,h5698
30th,h5699
30th,h5700
30th,h5701
30th,h5702
30th,h5703
30th,h5704
30th,h5705
30th,h5706
30th,h5707
30th,h5708
30th,h5709
30th,h5710
30th,h5711
30th,h5712
30th,h5713
30th,h5714
30th,h5715
30th,h5716
30th,h5717
30th,h5718
30th,h5719
30th,h5720
30th,h5721
30th,h5722
30th,h5723
30th,h5724
30th,h5725
30th,h5726
30th,h5727
30th,h5728
30th,h5729
30th,h5730
30th,h5731
30th,h5732
30th,h5733
30th,h5734
30th,h5735
30th,h5736
30th,h5737
30th,h5738
30th,h5739
30th,h5740
30th,h5741
30th,h5742
30th,h5743
30th,h5744
30th,h5745
30th,h5746
30th,h5747
30th,h5748
30th,h5749
30th,h5750
30th,h5751
30th,h5752
30th,h5753
30th,h5754
30th,h5755
30th,h5756
30th,h5757
30th,h5758
30th,h5759
30th,h5760
30th,h5761
30th,h5762
30th,h5763
30th,h5764
30th,h5765
30th,h5766
30th,h5767
30th,h5768
30th,h5769
30th,h5770
30th,h5771
30th,h5772
30th,h5773
30th,h5774
30th,h5775
30th,h5776
30th,h5777
30th,h5778
30th,h5779
30th,h5780
30th,h5781
30th,h5782
30th,h5783
30th,h5784
30th,h5785
30th,h5786
30th,h5787
30th,h5788
30th,h5789
30th,h5790
30th,h5791
30th,h5792
30th,h5793
30th,h5794
30th,h5795
30th,h5796
30th,h5797
30th,h5798
30th,h5799
30th,h5800
30th,h5801
30th,h5802
30th,h5803
30th,h5804
30th,h5805
30th,h5806
30th,h5807
30th,h5808
30th,h5809
30th,h5810
30th,h5811
30th,h5812
30th,h5813
30th,h5814
30th,h5815
30th,h5816
30th,h5817
30th,h5818
30th,h5819
30th,h5820
30th,h5821
30th,h5822
30th,h5823
30th,h5824
30th,h5825
30th,h5826
30th,h5827
30th,h5828
30th,h5829
30th,h5830
30th,h5831
30th,h5832
30th,h5833
30th,h5834
30th,h5835
30th,h5836
30th,h5837
30th,h5838
30th,h5839
30th,h5840
30th,h5841
30th,h5842
30th,h5843
30th,h5844
30th,h5845
30th,h5846
30th,h5847
30th,h5848
30th,h5849
30th,h5850
30th,h5851
30th,h5852
30th,h5853
30th,h5854
30th,h5855
30th,h5856
30th,h5857
30th,h5858
30th,h5859
30th,h5860
30th,h5861
30th,h5862
30th,h5863
30th,h5864
30th,h5865
30th,h5866
30th,h5867
30th,h5868
30th,h5869
30th,h5870
30th,h5871
30th,h5872
30th,h5873
30th,h5874
30th,h5875
30th,h5876
30th,h5877
30th,h5878
30th,h5879
30th,h5880
30th,h5881
30th,h5882
30th,h5883
30th,h5884
30th,h5885
30th,h5886
30th,h5887
30th,h5888
30th,h5889
30th,h5890
30th,h5891
30th,h5892
30th,h5893
30th,h5894
30th,h5895
30th,h5896
30th,h5897
30th,h5898
30th,h5899
30th,h5900
30th,h5901
30th,h5902
30th,h5903
30th,h5904
30th,h5905
30th,h5906
30th,h5907
30th,h5908
30th,h5909
30th,h5910
30th,h5911
30th,h5912
30th,h5913
30th,h5914
30th,h5915
30th,h5916
30th,h5917
30th,h5918
30th,h5919
30th,h5920
30th,h5921
30th,h5922
30th,h5923
30th,h5924
30th,h5925
30th,h5926
30th,h5927
30th,h5928
30th,h5929
30th,h5930
30th,h5931
30th,h5932
30th,h5933
30th,h5934
30th,h5935
30th,h5936
30th,h5937
30th,h5938
30th,h5939
30th,h5940
30th,h5941
30th,h5942
30th,h5943
30th,h5944
30th,h5945
30th,h5946
30th,h5947
30th,h5948
30th,h5949
30th,h5950
30th,h5951
30th,h5952
30th,h5953
30th,h5954
30th,h5955
30th,h5956
30th,h5957
30th,h5958
30th,h5959
30th,h5960
30th,h5961
30th,h5962
30th,h5963
30th,h5964
30th,h5965
30th,h5966
30th,h5967
30th,h5968
30th,h5969
30th,h5970
30th,h5971
30th,h5972
30th,h5973
30th,h5974
30th,h5975
30th,h5976
30th,h5977
30th,h5978
30th,h5979
30th,h5980
30th,h5981
30th,h5982
30th,h5983
30th,h5984
30th,h5985
30th,h5986
30th,h5987
30th,h5988
30th,h5989
30th,h5990
30th,h5991
30th,h5992
30th,h5993
30th,h5994
30th,h5995
30th,h5996
30th,h5997
30th,h5998
30th,h5999
30th,h6000
30th,h6001
30th,h6002
30th,h6003
30th,h6004
30th,h6005
30th,h6006
30th,h6007
30th,h6008
30th,h6009
30th,h6010
30th,h6011
30th,h6012
30th,h6013
30th,h6014
30th,h6015
30th,h6016
30th,h6017
30th,h6018
30th,h6019
30th,h6020
30th,h6021
30th,h6022
30th,h6023
30th,h6024
30th,h6025
30th,h6026
30th,h6027
30th,h6028
30th,h6029
30th,h6030
30th,h6031
30th,h6032
30th,h6033
30th,h6034
30th,h6035
30th,h6036
30th,h6037
30th,h6038
30th,h6039
30th,h6040
30th,h6041
30th,h6042
30th,h6043
30th,h6044
30th,h6045
30th,h6046
30th,h6047
30th,h6048
30th,h6049
30th,h6050
30th,h6051
30th,h6052
30th,h6053
30th,h6054
30th,h6055
30th,h6056
30th,h6057
30th,h6058
30th,h6059
30th,h6060
30th,h6061
30th,h6062
30th,h6063
30th,h6064
30th,h6065
30th,h6066
30th,h6067
30th,h6068
30th,h6069
30th,h6070
30th,h6071
30th,h6072
30th,h6073
30th,h6074
30th,h6075
30th,h6076
30th,h6077
30th,h6078
30th,h6079
30th,h6080
30th,h6081
30th,h6082
30th,h6083
30th,h6084
30th,h6085
30th,h6086
30th,h6087
30th,h6088
30th,h6089
30th,h6090
30th,h6091
30th,h6092
30th,h6093
30th,h6094
30th,h6095
30th,h6096
30th,h6097
30th,h6098
30th,h6099
30th,h6100
30th,h6101
30th,h6102
30th,h6103
30th,h6104
30th,h6105
30th,h6106
30th,h6107
30th,h6108
30th,h6109
30th,h6110
30th,h6111
30th,h6112
30th,h6113
30th,h6114
30th,h6115
30th,h6116
30th,h6117
30th,h6118
30th,h6119
30th,h6120
30th,h6121
30th,h6122
30th,h6123
30th,h6124
30th,h6125
30th,h6126
30th,h6127
30th,h6128
30th,h6129
30th,h6130
30th,h6131
30th,h6132
30th,h6133
30th,h6134
30th,h6135
30th,h6136
30th,h6137
30th,h6138
30th,h6139
30th,h6140
30th,h6141
30th,h6142
30th,h6143
30th,h6144
30th,h6145
30th,h6146
30th,h6147
30th,h6148
30th,h6149
30th,h6150
30th,h6151
30th,h6152
30th,h6153
30th,h6154
30th,h6155
30th,h6156
30th,h6157
30th,h6158
30th,h6159
30th,h6160
30th,h6161
30th,h6162
30th,h6163
30th,h6164
30th,h6165
30th,h6166
30th,h6167
30th,h6168
30th,h6169
30th,h6170
30th,h6171
30th,h6172
30th,h6173
30th,h6174
30th,h6175
30th,h6176
30th,h6177
30th,h6178
30th,h6179
30th,h6180
30th,h6181
30th,h6182
30th,h6183
30th,h6184
30th,h6185
30th,h6186
30th,h6187
30th,h6188
30th,h6189
30th,h6190
30th,h6191
30th,h6192
30th,h6193
30th,h6194
30th,h6195
30th,h6196
30th,h6197
30th,h6198
30th,h6199
30th,h6200
30th,h6201
30th,h6202
30th,h6203
30th,h6204
30th,h6205
30th,h6206
30th,h6207
30th,h6208
30th,h6209
30th,h6210
30th,h6211
30th,h6212
30th,h6213
30th,h6214
30th,h6215
30th,h6216
30th,h6217
30th,h6218
30th,h6219
30th,h6220
30th,h6221
30th,h6222
30th,h6223
30th,h6224
30th,h6225
30th,h6226
30th,h6227
30th,h6228
30th,h6229
30th,h6230
30th,h6231
30th,h6232
30th,h6233
30th,h6234
30th,h6235
30th,h6236
30th,h6237
30th,h6238
30th,h6239
30th,h6240
30th,h6241
30th,h6242
30th,h6243
30th,h6244
30th,h6245
30th,h6246
30th,h6247
30th,h6248
30th,h6249
30th,h6250
30th,h6251
30th,h6252
30th,h6253
30th,h6254
30th,h6255
30th,h6256
30th,h6257
30th,h6258
30th,h6259
30th,h6260
30th,h6261
30th,h6262
30th,h6263
30th,h6264
30th,h6265
30th,h6266
30th,h6267
30th,h6268
30th,h6269
30th,h6270
30th,h6271
30th,h6272
30th,h6273
30th,h6274
30th,h6275
30th,h6276
30th,h6277
30th,h6278
30th,h6279
30th,h6280
30th,h6281
30th,h6282
30th,h6283
30th,h6284
30th,h6285
30th,h6286
30th,h6287
30th,h6288
30th,h6289
30th,h6290
30th,h6291
30th,h6292
30th,h6293
30th,h6294
30th,h6295
30th,h6296
30th,h6297
30th,h6298
30th,h6299
30th,h6300
30th,h6301
30th,h6302
30th,h6303
30th,h6304
30th,h6305
30th,h6306
30th,h6307
30th,h6308
30th,h6309
30th,h6310
30th,h6311
30th,h6312
30th,h6313
30th,h6314
30th,h6315
30th,h6316
30th,h6317
30th,h6318
30th,h6319
30th,h6320
30th,h6321
30th,h6322
30th,h6323
30th,h6324
30th,h6325
30th,h6326
30th,h6327
30th,h6328
30th,h6329
30th,h6330
30th,h6331
30th,h6332
30th,h6333
30th,h6334
30th,h6335
30th,h6336
30th,h6337
30th,h6338
30th,h6339
30th,h6340
30th,h6341
30th,h6342
30th,h6343
30th,h6344
30th,h6345
30th,h6346
30th,h6347
30th,h6348
30th,h6349
30th,h6350
30th,h6351
30th,h6352
30th,h6353
30th,h6354
30th,h6355
30th,h6356
30th,h6357
30th,h6358
30th,h6359
30th,h6360
30th,h6361
30th,h6362
30th,h6363
30th,h6364
30th,h6365
30th,h6366
30th,h6367
30th,h6368
30th,h6369
30th,h6370
30th,h6371
30th,h6372
30th,h6373
30th,h6374
30th,h6375
30th,h6376
30th,h6377
30th,h6378
30th,h6379
30th,h6380
30th,h6381
30th,h6382
30th,h6383
30th,h6384
30th,h6385
30th,h6386
30th,h6387
30th,h6388
30th,h6389
30th,h6390
30th,h6391
30th,h6392
30th,h6393
30th,h6394
30th,h6395
30th,h6396
30th,h6397
30th,h6398
30th,h6399
30th,h6400
30th,h6401
30th,h6402
30th,h6403
30th,h6404
30th,h6405
30th,h6406
30th,h6407
30th,h6408
30th,h6409
30th,h6410
30th,h6411
30th,h6412
30th,h6413
30th,h6414
30th,h6415
30th,h6416
30th,h6417
30th,h6418
30th,h6419
30th,h6420
30th,h6421
30th,h6422
30th,h6423
30th,h6424
30th,h6425
30th,h6426
30th,h6427
30th,h6428
30th,h6429
30th,h6430
30th,h6431
30th,h6432
30th,h6433
30th,h6434
30th,h6435
30th,h6436
30th,h6437
30th,h6438
30th,h6439
30th,h6440
30th,h6441
30th,h6442
30th,h6443
30th,h6444
30th,h6445
30th,h6446
30th,h6447
30th,h6448
30th,h6449
30th,h6450
30th,h6451
30th,h6452
30th,h6453
30th,h6454
30th,h6455
30th,h6456
30th,h6457
30th,h6458
30th,h6459
30th,h6460
30th,h6461
30th,h6462
30th,h6463
30th,h6464
30th,h6465
30th,h6466
30th,h6467
30th,h6468
30th,h6469
30th,h6470
30th,h6471
30th,h6472
30th,h6473
30th,h6474
30th,h6475
30th,h6476
30th,h6477
30th,h6478
30th,h6479
30th,h6480
30th,h6481
30th,h6482
30th,h6483
30th,h6484
30th,h6485
30th,h6486
30th,h6487
30th,h6488
30th,h6489
30th,h6490
30th,h6491
30th,h6492
30th,h6493
30th,h6494
30th,h6495
30th,h6496
30th,h6497
30th,h6498
30th,h6499
30th,h6500
30th,h6501
30th,h6502
30th,h6503
30th,h6504
30th,h6505
30th,h6506
30th,h6507
30th,h6508
30th,h6509
30th,h6510
30th,h6511
30th,h6512
30th,h6513
30th,h6514
30th,h6515
30th,h6516
30th,h6517
30th,h6518
30th,h6519
30th,h6520
30th,h6521
30th,h6522
30th,h6523
30th,h6524
30th,h6525
30th,h6526
30th,h6527
30th,h6528
30th,h6529
30th,h6530
30th,h6531
30th,h6532
30th,h6533
30th,h6534
30th,h6535
30th,h6536
30th,h6537
30th,h6538
30th,h6539
30th,h6540
30th,h6541
30th,h6542
30th,h6543
30th,h6544
30th,h6545
30th,h6546
30th,h6547
30th,h6548
30th,h6549
30th,h6550
30th,h6551
30th,h6552
30th,h6553
30th,h6554
30th,h6555
30th,h6556
30th,h6557
30th,h6558
30th,h6559
30th,h6560
30th,h6561
30th,h6562
30th,h6563
30th,h6564
30th,h6565
30th,h6566
30th,h6567
30th,h6568
30th,h6569
30th,h6570
30th,h6571
30th,h6572
30th,h6573
30th,h6574
30th,h6575
30th,h6576
30th,h6577
30th,h6578
30th,h6579
30th,h6580
30th,h6581
30th,h6582
30th,h6583
30th,h6584
30th,h6585
30th,h6586
30th,h6587
30th,h6588
30th,h6589
30th,h6590
30th,h6591
30th,h6592
30th,h6593
30th,h6594
30th,h6595
30th,h6596
30th,h6597
30th,h6598
30th,h6599
30th,h6600
30th,h6601
30th,h6602
30th,h6603
30th,h6604
30th,h6605
30th,h6606
30th,h6607
30th,h6608
30th,h6609
30th,h6610
30th,h6611
30th,h6612
30th,h6613
30th,h6614
30th,h6615
30th,h6616
30th,h6617
30th,h6618
30th,h6619
30th,h6620
30th,h6621
30th,h6622
30th,h6623
30th,h6624
30th,h6625
30th,h6626
30th,h6627
30th,h6628
30th,h6629
30th,h6630
30th,h6631
30th,h6632
30th,h6633
30th,h6634
30th,h6635
30th,h6636
30th,h6637
30th,h6638
30th,h6639
30th,h6640
30th,h6641
30th,h6642
30th,h6643
30th,h6644
30th,h6645
30th,h6646
30th,h6647
30th,h6648
30th,h6649
30th,h6650
30th,h6651
30th,h6652
30th,h6653
30th,h6654
30th,h6655
30th,h6656
30th,h6657
30th,h6658
30th,h6659
30th,h6660
30th,h6661
30th,h6662
30th,h6663
30th,h6664
30th,h6665
30th,h6666
30th,h6667
30th,h6668
30th,h6669
30th,h6670
30th,h6671
30th,h6672
30th,h6673
30th,h6674
30th,h6675
30th,h6676
30th,h6677
30th,h6678
30th,h6679
30th,h6680
30th,h6681
30th,h6682
30th,h6683
30th,h6684
30th,h6685
30th,h6686
30th,h6687
30th,h6688
30th,h6689
30th,h6690
30th,h6691
30th,h6692
30th,h6693
30th,h6694
30th,h6695
30th,h6696
30th,h6697
30th,h6698
30th,h6699
30th,h6700
30th,h6701
30th,h6702
30th,h6703
30th,h6704
30th,h6705
30th,h6706
30th,h6707
30th,h6708
30th,h6709
30th,h6710
30th,h6711
30th,h6712
30th,h6713
30th,h6714
30th,h6715
30th,h6716
30th,h6717
30th,h6718
30th,h6719
30th,h6720
30th,h6721
30th,h6722
30th,h6723
30th,h6724
30th,h6725
30th,h6726
30th,h6727
30th,h6728
30th,h6729
30th,h6730
30th,h6731
30th,h6732
30th,h6733
30th,h6734
30th,h6735
30th,h6736
30th,h6737
30th,h6738
30th,h6739
30th,h6740
30th,h6741
30th,h6742
30th,h6743
30th,h6744
30th,h6745
30th,h6746
30th,h6747
30th,h6748
30th,h6749
30th,h6750
30th,h6751
30th,h6752
30th,h6753
30th,h6754
30th,h6755
30th,h6756
30th,h6757
30th,h6758
30th,h6759
30th,h6760
30th,h6761
30th,h6762
30th,h6763
30th,h6764
30th,h6765
30th,h6766
30th,h6767
30th,h6768
30th,h6769
30th,h6770
30th,h6771
30th,h6772
30th,h6773
30th,h6774
30th,h6775
30th,h6776
30th,h6777
30th,h6778
30th,h6779
30th,h6780
30th,h6781
30th,h6782
30th,h6783
30th,h6784
30th,h6785
30th,h6786
30th,h6787
30th,h6788
30th,h6789
30th,h6790
30th,h6791
30th,h6792
30th,h6793
30th,h6794
30th,h6795
30th,h6796
30th,h6797
30th,h6798
30th,h6799
30th,h6800
30th,h6801
30th,h6802
30th,h6803
30th,h6804
30th,h6805
30th,h6806
30th,h6807
30th,h6808
30th,h6809
30th,h6810
30th,h6811
30th,h6812
30th,h6813
30th,h6814
30th,h6815
30th,h6816
30th,h6817
30th,h6818
30th,h6819
30th,h6820
30th,h6821
30th,h6822
30th,h6823
30th,h6824
30th,h6825
30th,h6826
30th,h6827
30th,h6828
30th,h6829
30th,h6830
30th,h6831
30th,h6832
30th,h6833
30th,h6834
30th,h6835
30th,h6836
30th,h6837
30th,h6838
30th,h6839
30th,h6840
30th,h6841
30th,h6842
30th,h6843
30th,h6844
30th,h6845
30th,h6846
30th,h6847
30th,h6848
30th,h6849
30th,h6850
30th,h6851
30th,h6852
30th,h6853
30th,h6854
30th,h6855
30th,h6856
30th,h6857
30th,h6858
30th,h6859
30th,h6860
30th,h6861
30th,h6862
30th,h6863
30th,h6864
30th,h6865
30th,h6866
30th,h6867
30th,h6868
30th,h6869
30th,h6870
30th,h6871
30th,h6872
30th,h6873
30th,h6874
30th,h6875
30th,h6876
30th,h6877
30th,h6878
30th,h6879
30th,h6880
30th,h6881
30th,h6882
30th,h6883
30th,h6884
30th,h6885
30th,h6886
30th,h6887
30th,h6888
30th,h6889
30th,h6890
30th,h6891
30th,h6892
30th,h6893
30th,h6894
30th,h6895
30th,h6896
30th,h6897
30th,h6898
30th,h6899
30th,h6900
30th,h6901
30th,h6902
30th,h6903
30th,h6904
30th,h6905
30th,h6906
30th,h6907
30th,h6908
30th,h6909
30th,h6910
30th,h6911
30th,h6912
30th,h6913
30th,h6914
30th,h6915
30th,h6916
30th,h6917
30th,h6918
30th,h6919
30th,h6920
30th,h6921
30th,h6922
30th,h6923
30th,h6924
30th,h6925
30th,h6926
30th,h6927
30th,h6928
30th,h6929
30th,h6930
30th,h6931
30th,h6932
30th,h6933
30th,h6934
30th,h6935
30th,h6936
30th,h6937
30th,h6938
30th,h6939
30th,h6940
30th,h6941
30th,h6942
30th,h6943
30th,h6944
30th,h6945
30th,h6946
30th,h6947
30th,h6948
30th,h6949
30th,h6950
30th,h6951
30th,h6952
30th,h6953
30th,h6954
30th,h6955
30th,h6956
30th,h6957
30th,h6958
30th,h6959
30th,h6960
30th,h6961
30th,h6962
30th,h6963
30th,h6964
30th,h6965
30th,h6966
30th,h6967
30th,h6968
30th,h6969
30th,h6970
30th,h6971
30th,h6972
30th,h6973
30th,h6974
30th,h6975
30th,h6976
30th,h6977
30th,h6978
30th,h6979
30th,h6980
30th,h6981
30th,h6982
30th,h6983
30th,h6984
30th,h6985
30th,h6986
30th,h6987
30th,h6988
30th,h6989
30th,h6990
30th,h6991
30th,h6992
30th,h6993
30th,h6994
30th,h6995
30th,h6996
30th,h6997
30th,h6998
30th,h6999
30th,h7000
30th,h7001
30th,h7002
30th,h7003
30th,h7004
30th,h7005
30th,h7006
30th,h7007
30th,h7008
30th,h7009
30th,h7010
30th,h7011
30th,h7012
30th,h7013
30th,h7014
30th,h7015
30th,h7016
30th,h7017
30th,h7018
30th,h7019
30th,h7020
30th,h7021
30th,h7022
30th,h7023
30th,h7024
30th,h7025
30th,h7026
30th,h7027
30th,h7028
30th,h7029
30th,h7030
30th,h7031
30th,h7032
30th,h7033
30th,h7034
30th,h7035
30th,h7036
30th,h7037
30th,h7038
30th,h7039
30th,h7040
30th,h7041
30th,h7042
30th,h7043
30th,h7044
30th,h7045
30th,h7046
30th,h7047
30th,h7048
30th,h7049
30th,h7050
30th,h7051
30th,h7052
30th,h7053
30th,h7054
30th,h7055
30th,h7056
30th,h7057
30th,h7058
30th,h7059
30th,h7060
30th,h7061
30th,h7062
30th,h7063
30th,h7064
30th,h7065
30th,h7066
30th,h7067
30th,h7068
30th,h7069
30th,h7070
30th,h7071
30th,h7072
30th,h7073
30th,h7074
30th,h7075
30th,h7076
30th,h7077
30th,h7078
30th,h7079
30th,h7080
30th,h7081
30th,h7082
30th,h7083
30th,h7084
30th,h7085
30th,h7086
30th,h7087
30th,h7088
30th,h7089
30th,h7090
30th,h7091
30th,h7092
30th,h7093
30th,h7094
30th,h7095
30th,h7096
30th,h7097
30th,h7098
30th,h7099
30th,h7100
30th,h7101
30th,h7102
30th,h7103
30th,h7104
30th,h7105
30th,h7106
30th,h7107
30th,h7108
30th,h7109
30th,h7110
30th,h7111
30th,h7112
30th,h7113
30th,h7114
30th,h7115
30th,h7116
30th,h7117
30th,h7118
30th,h7119
30th,h7120
30th,h7121
30th,h7122
30th,h7123
30th,h7124
30th,h7125
30th,h7126
30th,h7127
30th,h7128
30th,h7129
30th,h7130
30th,h7131
30th,h7132
30th,h7133
30th,h7134
30th,h7135
30th,h7136
30th,h7137
30th,h7138
30th,h7139
30th,h7140
30th,h7141
30th,h7142
30th,h7143
30th,h7144
30th,h7145
30th,h7146
30th,h7147
30th,h7148
30th,h7149
30th,h7150
30th,h7151
30th,h7152
30th,h7153
30th,h7154
30th,h7155
30th,h7156
30th,h7157
30th,h7158
30th,h7159
30th,h7160
30th,h7161
30th,h7162
30th,h7163
30th,h7164
30th,h7165
30th,h7166
30th,h7167
30th,h7168
30th,h7169
30th,h7170
30th,h7171
30th,h7172
30th,h7173
30th,h7174
30th,h7175
30th,h7176
30th,h7177
30th,h7178
30th,h7179
30th,h7180
30th,h7181
30th,h7182
30th,h7183
30th,h7184
30th,h7185
30th,h7186
30th,h7187
30th,h7188
30th,h7189
30th,h7190
30th,h7191
30th,h7192
30th,h7193
30th,h7194
30th,h7195
30th,h7196
30th,h7197
30th,h7198
30th,h7199
30th,h7200
30th,h7201
30th,h7202
30th,h7203
30th,h7204
30th,h7205
30th,h7206
30th,h7207
30th,h7208
30th,h7209
30th,h7210
30th,h7211
30th,h7212
30th,h7213
30th,h7214
30th,h7215
30th,h7216
30th,h7217
30th,h7218
30th,h7219
30th,h7220
30th,h7221
30th,h7222
30th,h7223
30th,h7224
30th,h7225
30th,h7226
30th,h7227
30th,h7228
30th,h7229
30th,h7230
30th,h7231
30th,h7232
30th,h7233
30th,h7234
30th,h7235
30th,h7236
30th,h7237
30th,h7238
30th,h7239
30th,h7240
30th,h7241
30th,h7242
30th,h7243
30th,h7244
30th,h7245
30th,h7246
30th,h7247
30th,h7248
30th,h7249
30th,h7250
30th,h7251
30th,h7252
30th,h7253
30th,h7254
30th,h7255
30th,h7256
30th,h7257
30th,h7258
30th,h7259
30th,h7260
30th,h7261
30th,h7262
30th,h7263
30th,h7264
30th,h7265
30th,h7266
30th,h7267
30th,h7268
30th,h7269
30th,h7270
30th,h7271
30th,h7272
30th,h7273
30th,h7274
30th,h7275
30th,h7276
30th,h7277
30th,h7278
30th,h7279
30th,h7280
30th,h7281
30th,h7282
30th,h7283
30th,h7284
30th,h7285
30th,h7286
30th,h7287
30th,h7288
30th,h7289
30th,h7290
30th,h7291
30th,h7292
30th,h7293
30th,h7294
30th,h7295
30th,h7296
30th,h7297
30th,h7298
30th,h7299
30th,h7300
30th,h7301
30th,h7302
30th,h7303
30th,h7304
30th,h7305
30th,h7306
30th,h7307
30th,h7308
30th,h7309
30th,h7310
30th,h7311
30th,h7312
30th,h7313
30th,h7314
30th,h7315
30th,h7316
30th,h7317
30th,h7318
30th,h7319
30th,h7320
30th,h7321
30th,h7322
30th,h7323
30th,h7324
30th,h7325
30th,h7326
30th,h7327
30th,h7328
30th,h7329
30th,h7330
30th,h7331
30th,h7332
30th,h7333
30th,h7334
30th,h7335
30th,h7336
30th,h7337
30th,h7338
30th,h7339
30th,h7340
30th,h7341
30th,h7342
30th,h7343
30th,h7344
30th,h7345
30th,h7346
30th,h7347
30th,h7348
30th,h7349
30th,h7350
30th,h7351
30th,h7352
30th,h7353
30th,h7354
30th,h7355
30th,h7356
30th,h7357
30th,h7358
30th,h7359
30th,h7360
30th,h7361
30th,h7362
30th,h7363
30th,h7364
30th,h7365
30th,h7366
30th,h7367
30th,h7368
30th,h7369
30th,h7370
30th,h7371
30th,h7372
30th,h7373
30th,h7374
30th,h7375
30th,h7376
30th,h7377
30th,h7378
30th,h7379
30th,h7380
30th,h7381
30th,h7382
30th,h7383
30th,h7384
30th,h7385
30th,h7386
30th,h7387
30th,h7388
30th,h7389
30th,h7390
30th,h7391
30th,h7392
30th,h7393
30th,h7394
30th,h7395
30th,h7396
30th,h7397
30th,h7398
30th,h7399
30th,h7400
30th,h7401
30th,h7402
30th,h7403
30th,h7404
30th,h7405
30th,h7406
30th,h7407
30th,h7408
30th,h7409
30th,h7410
30th,h7411
30th,h7412
30th,h7413
30th,h7414
30th,h7415
30th,h7416
30th,h7417
30th,h7418
30th,h7419
30th,h7420
30th,h7421
30th,h7422
30th,h7423
30th,h7424
30th,h7425
30th,h7426
30th,h7427
30th,h7428
30th,h7429
30th,h7430
30th,h7431
30th,h7432
30th,h7433
30th,h7434
30th,h7435
30th,h7436
30th,h7437
30th,h7438
30th,h7439
30th,h7440
30th,h7441
30th,h7442
30th,h7443
30th,h7444
30th,h7445
30th,h7446
30th,h7447
30th,h7448
30th,h7449
30th,h7450
30th,h7451
30th,h7452
30th,h7453
30th,h7454
30th,h7455
30th,h7456
30th,h7457
30th,h7458
30th,h7459
30th,h7460
30th,h7461
30th,h7462
30th,h7463
30th,h7464
30th,h7465
30th,h7466
30th,h7467
30th,h7468
30th,h7469
30th,h7470
30th,h7471
30th,h7472
30th,h7473
30th,h7474
30th,h7475
30th,h7476
30th,h7477
30th,h7478
30th,h7479
30th,h7480
30th,h7481
30th,h7482
30th,h7483
30th,h7484
30th,h7485
30th,h7486
30th,h7487
30th,h7488
30th,h7489
30th,h7490
30th,h7491
30th,h7492
30th,h7493
30th,h7494
30th,h7495
30th,h7496
30th,h7497
30th,h7498
30th,h7499
30th,h7500
30th,h7501
30th,h7502
30th,h7503
30th,h7504
30th,h7505
30th,h7506
30th,h7507
30th,h7508
30th,h7509
30th,h7510
30th,h7511
30th,h7512
30th,h7513
30th,h7514
30th,h7515
30th,h7516
30th,h7517
30th,h7518
30th,h7519
30th,h7520
30th,h7521
30th,h7522
30th,h7523
30th,h7524
30th,h7525
30th,h7526
30th,h7527
30th,h7528
30th,h7529
30th,h7530
30th,h7531
30th,h7532
30th,h7533
30th,h7534
30th,h7535
30th,h7536
30th,h7537
30th,h7538
30th,h7539
30th,h7540
30th,h7541
30th,h7542
30th,h7543
30th,h7544
30th,h7545
30th,h7546
30th,h7547
30th,h7548
30th,h7549
30th,h7550
30th,h7551
30th,h7552
30th,h7553
30th,h7554
30th,h7555
30th,h7556
30th,h7557
30th,h7558
30th,h7559
30th,h7560
30th,h7561
30th,h7562
30th,h7563
30th,h7564
30th,h7565
30th,h7566
30th,h7567
30th,h7568
30th,h7569
30th,h7570
30th,h7571
30th,h7572
30th,h7573
30th,h7574
30th,h7575
30th,h7576
30th,h7577
30th,h7578
30th,h7579
30th,h7580
30th,h7581
30th,h7582
30th,h7583
30th,h7584
30th,h7585
30th,h7586
30th,h7587
30th,h7588
30th,h7589
30th,h7590
30th,h7591
30th,h7592
30th,h7593
30th,h7594
30th,h7595
30th,h7596
30th,h7597
30th,h7598
30th,h7599
30th,h7600
30th,h7601
30th,h7602
30th,h7603
30th,h7604
30th,h7605
30th,h7606
30th,h7607
30th,h7608
30th,h7609
30th,h7610
30th,h7611
30th,h7612
30th,h7613
30th,h7614
30th,h7615
30th,h7616
30th,h7617
30th,h7618
30th,h7619
30th,h7620
30th,h7621
30th,h7622
30th,h7623
30th,h7624
30th,h7625
30th,h7626
30th,h7627
30th,h7628
30th,h7629
30th,h7630
30th,h7631
30th,h7632
30th,h7633
30th,h7634
30th,h7635
30th,h7636
30th,h7637
30th,h7638
30th,h7639
30th,h7640
30th,h7641
30th,h7642
30th,h7643
30th,h7644
30th,h7645
30th,h7646
30th,h7647
30th,h7648
30th,h7649
30th,h7650
30th,h7651
30th,h7652
30th,h7653
30th,h7654
30th,h7655
30th,h7656
30th,h7657
30th,h7658
30th,h7659
30th,h7660
30th,h7661
30th,h7662
30th,h7663
30th,h7664
30th,h7665
30th,h7666
30th,h7667
30th,h7668
30th,h7669
30th,h7670
30th,h7671
30th,h7672
30th,h7673
30th,h7674
30th,h7675
30th,h7676
30th,h7677
30th,h7678
30th,h7679
30th,h7680
30th,h7681
30th,h7682
30th,h7683
30th,h7684
30th,h7685
30th,h7686
30th,h7687
30th,h7688
30th,h7689
30th,h7690
30th,h7691
30th,h7692
30th,h7693
30th,h7694
30th,h7695
30th,h7696
30th,h7697
30th,h7698
30th,h7699
30th,h7700
30th,h7701
30th,h7702
30th,h7703
30th,h7704
30th,h7705
30th,h7706
30th,h7707
30th,h7708
30th,h7709
30th,h7710
30th,h7711
30th,h7712
30th,h7713
30th,h7714
30th,h7715
30th,h7716
30th,h7717
30th,h7718
30th,h7719
30th,h7720
30th,h7721
30th,h7722
30th,h7723
30th,h7724
30th,h7725
30th,h7726
30th,h7727
30th,h7728
30th,h7729
30th,h7730
30th,h7731
30th,h7732
30th,h7733
30th,h7734
30th,h7735
30th,h7736
30th,h7737
30th,h7738
30th,h7739
30th,h7740
30th,h7741
30th,h7742
30th,h7743
30th,h7744
30th,h7745
30th,h7746
30th,h7747
30th,h7748
30th,h7749
30th,h7750
30th,h7751
30th,h7752
30th,h7753
30th,h7754
30th,h7755
30th,h7756
30th,h7757
30th,h7758
30th,h7759
30th,h7760
30th,h7761
30th,h7762
30th,h7763
30th,h7764
30th,h7765
30th,h7766
30th,h7767
30th,h7768
30th,h7769
30th,h7770
30th,h7771
30th,h7772
30th,h7773
30th,h7774
30th,h7775
30th,h7776
30th,h7777
30th,h7778
30th,h7779
30th,h7780
30th,h7781
30th,h7782
30th,h7783
30th,h7784
30th,h7785
30th,h7786
30th,h7787
30th,h7788
30th,h7789
30th,h7790
30th,h7791
30th,h7792
30th,h7793
30th,h7794
30th,h7795
30th,h7796
30th,h7797
30th,h7798
30th,h7799
30th,h7800
30th,h7801
30th,h7802
30th,h7803
30th,h7804
30th,h7805
30th,h7806
30th,h7807
30th,h7808
30th,h7809
30th,h7810
30th,h7811
30th,h7812
30th,h7813
30th,h7814
30th,h7815
30th,h7816
30th,h7817
30th,h7818
30th,h7819
30th,h7820
30th,h7821
30th,h7822
30th,h7823
30th,h7824
30th,h7825
30th,h7826
30th,h7827
30th,h7828
30th,h7829
30th,h7830
30th,h7831
30th,h7832
30th,h7833
30th,h7834
30th,h7835
30th,h7836
30th,h7837
30th,h7838
30th,h7839
30th,h7840
30th,h7841
30th,h7842
30th,h7843
30th,h7844
30th,h7845
30th,h7846
30th,h7847
30th,h7848
30th,h7849
30th,h7850
30th,h7851
30th,h7852
30th,h7853
30th,h7854
30th,h7855
30th,h7856
30th,h7857
30th,h7858
30th,h7859
30th,h7860
30th,h7861
30th,h7862
30th,h7863
30th,h7864
30th,h7865
30th,h7866
30th,h7867
30th,h7868
30th,h7869
30th,h7870
30th,h7871
30th,h7872
30th,h7873
30th,h7874
30th,h7875
30th,h7876
30th,h7877
30th,h7878
30th,h7879
30th,h7880
30th,h7881
30th,h7882
30th,h7883
30th,h7884
30th,h7885
30th,h7886
30th,h7887
30th,h7888
30th,h7889
30th,h7890
30th,h7891
30th,h7892
30th,h7893
30th,h7894
30th,h7895
30th,h7896
30th,h7897
30th,h7898
30th,h7899
30th,h7900
30th,h7901
30th,h7902
30th,h7903
30th,h7904
30th,h7905
30th,h7906
30th,h7907
30th,h7908
30th,h7909
30th,h7910
30th,h7911
30th,h7912
30th,h7913
30th,h7914
30th,h7915
30th,h7916
30th,h7917
30th,h7918
30th,h7919
30th,h7920
30th,h7921
30th,h7922
30th,h7923
30th,h7924
30th,h7925
30th,h7926
30th,h7927
30th,h7928
30th,h7929
30th,h7930
30th,h7931
30th,h7932
30th,h7933
30th,h7934
30th,h7935
30th,h7936
30th,h7937
30th,h7938
30th,h7939
30th,h7940
30th,h7941
30th,h7942
30th,h7943
30th,h7944
30th,h7945
30th,h7946
30th,h7947
30th,h7948
30th,h7949
30th,h7950
30th,h7951
30th,h7952
30th,h7953
30th,h7954
30th,h7955
30th,h7956
30th,h7957
30th,h7958
30th,h7959
30th,h7960
30th,h7961
30th,h7962
30th,h7963
30th,h7964
30th,h7965
30th,h7966
30th,h7967
30th,h7968
30th,h7969
30th,h7970
30th,h7971
30th,h7972
30th,h7973
30th,h7974
30th,h7975
30th,h7976
30th,h7977
30th,h7978
30th,h7979
30th,h7980
30th,h7981
30th,h7982
30th,h7983
30th,h7984
30th,h7985
30th,h7986
30th,h7987
30th,h7988
30th,h7989
30th,h7990
30th,h7991
30th,h7992
30th,h7993
30th,h7994
30th,h7995
30th,h7996
30th,h7997
30th,h7998
30th,h7999
30th,h8000
30th,h8001
30th,h8002
30th,h8003
30th,h8004
30th,h8005
30th,h8006
30th,h8007
30th,h8008
30th,h8009
30th,h8010
30th,h8011
30th,h8012
30th,h8013
30th,h8014
30th,h8015
30th,h8016
30th,h8017
30th,h8018
30th,h8019
30th,h8020
30th,h8021
30th,h8022
30th,h8023
30th,h8024
30th,h8025
30th,h8026
30th,h8027
30th,h8028
30th,h8029
30th,h8030
30th,h8031
30th,h8032
30th,h8033
30th,h8034
30th,h8035
30th,h8036
30th,h8037
30th,h8038
30th,h8039
30th,h8040
30th,h8041
30th,h8042
30th,h8043
30th,h8044
30th,h8045
30th,h8046
30th,h8047
30th,h8048
30th,h8049
30th,h8050
30th,h8051
30th,h8052
30th,h8053
30th,h8054
30th,h8055
30th,h8056
30th,h8057
30th,h8058
30th,h8059
30th,h8060
30th,h8061
30th,h8062
30th,h8063
30th,h8064
30th,h8065
30th,h8066
30th,h8067
30th,h8068
30th,h8069
30th,h8070
30th,h8071
30th,h8072
30th,h8073
30th,h8074
30th,h8075
30th,h8076
30th,h8077
30th,h8078
30th,h8079
30th,h8080
30th,h8081
30th,h8082
30th,h8083
30th,h8084
30th,h8085
30th,h8086
30th,h8087
30th,h8088
30th,h8089
30th,h8090
30th,h8091
30th,h8092
30th,h8093
30th,h8094
30th,h8095
30th,h8096
30th,h8097
30th,h8098
30th,h8099
30th,h8100
30th,h8101
30th,h8102
30th,h8103
30th,h8104
30th,h8105
30th,h8106
30th,h8107
30th,h8108
30th,h8109
30th,h8110
30th,h8111
30th,h8112
30th,h8113
30th,h8114
30th,h8115
30th,h8116
30th,h8117
30th,h8118
30th,h8119
30th,h8120
30th,h8121
30th,h8122
30th,h8123
30th,h8124
30th,h8125
30th,h8126
30th,h8127
30th,h8128
30th,h8129
30th,h8130
30th,h8131
30th,h8132
30th,h8133
30th,h8134
30th,h8135
30th,h8136
30th,h8137
30th,h8138
30th,h8139
30th,h8140
30th,h8141
30th,h8142
30th,h8143
30th,h8144
30th,h8145
30th,h8146
30th,h8147
30th,h8148
30th,h8149
30th,h8150
30th,h8151
30th,h8152
30th,h8153
30th,h8154
30th,h8155
30th,h8156
30th,h8157
30th,h8158
30th,h8159
30th,h8160
30th,h8161
30th,h8162
30th,h8163
30th,h8164
30th,h8165
30th,h8166
30th,h8167
30th,h8168
30th,h8169
30th,h8170
30th,h8171
30th,h8172
30th,h8173
30th,h8174
30th,h8175
30th,h8176
30th,h8177
30th,h8178
30th,h8179
30th,h8180
30th,h8181
30th,h8182
30th,h8183
30th,h8184
30th,h8185
30th,h8186
30th,h8187
30th,h8188
30th,h8189
30th,h8190
30th,h8191
30th,h8192
30th,h8193
30th,h8194
30th,h8195
30th,h8196
30th,h8197
30th,h8198
30th,h8199
30th,h8200
30th,h8201
30th,h8202
30th,h8203
30th,h8204
30th,h8205
30th,h8206
30th,h8207
30th,h8208
30th,h8209
30th,h8210
30th,h8211
30th,h8212
30th,h8213
30th,h8214
30th,h8215
30th,h8216
30th,h8217
30th,h8218
30th,h8219
30th,h8220
30th,h8221
30th,h8222
30th,h8223
30th,h8224
30th,h8225
30th,h8226
30th,h8227
30th,h8228
30th,h8229
30th,h8230
30th,h8231
30th,h8232
30th,h8233
30th,h8234
30th,h8235
30th,h8236
30th,h8237
30th,h8238
30th,h8239
30th,h8240
30th,h8241
30th,h8242
30th,h8243
30th,h8244
30th,h8245
30th,h8246
30th,h8247
30th,h8248
30th,h8249
30th,h8250
30th,h8251
30th,h8252
30th,h8253
30th,h8254
30th,h8255
30th,h8256
30th,h8257
30th,h8258
30th,h8259
30th,h8260
30th,h8261
30th,h8262
30th,h8263
30th,h8264
30th,h8265
30th,h8266
30th,h8267
30th,h8268
30th,h8269
30th,h8270
30th,h8271
30th,h8272
30th,h8273
30th,h8274
30th,h8275
30th,h8276
30th,h8277
30th,h8278
30th,h8279
30th,h8280
30th,h8281
30th,h8282
30th,h8283
30th,h8284
30th,h8285
30th,h8286
30th,h8287
30th,h8288
30th,h8289
30th,h8290
30th,h8291
30th,h8292
30th,h8293
30th,h8294
30th,h8295
30th,h8296
30th,h8297
30th,h8298
30th,h8299
30th,h8300
30th,h8301
30th,h8302
30th,h8303
30th,h8304
30th,h8305
30th,h8306
30th,h8307
30th,h8308
30th,h8309
30th,h8310
30th,h8311
30th,h8312
30th,h8313
30th,h8314
30th,h8315
30th,h8316
30th,h8317
30th,h8318
30th,h8319
30th,h8320
30th,h8321
30th,h8322
30th,h8323
30th,h8324
30th,h8325
30th,h8326
30th,h8327
30th,h8328
30th,h8329
30th,h8330
30th,h8331
30th,h8332
30th,h8333
30th,h8334
30th,h8335
30th,h8336
30th,h8337
30th,h8338
30th,h8339
30th,h8340
30th,h8341
30th,h8342
30th,h8343
30th,h8344
30th,h8345
30th,h8346
30th,h8347
30th,h8348
30th,h8349
30th,h8350
30th,h8351
30th,h8352
30th,h8353
30th,h8354
30th,h8355
30th,h8356
30th,h8357
30th,h8358
30th,h8359
30th,h8360
30th,h8361
30th,h8362
30th,h8363
30th,h8364
30th,h8365
30th,h8366
30th,h8367
30th,h8368
30th,h8369
30th,h8370
30th,h8371
30th,h8372
30th,h8373
30th,h8374
30th,h8375
30th,h8376
30th,h8377
30th,h8378
30th,h8379
30th,h8380
30th,h8381
30th,h8382
30th,h8383
30th,h8384
30th,h8385
30th,h8386
30th,h8387
30th,h8388
30th,h8389
30th,h8390
30th,h8391
30th,h8392
30th,h8393
30th,h8394
30th,h8395
30th,h8396
30th,h8397
30th,h8398
30th,h8399
30th,h8400
30th,h8401
30th,h8402
30th,h8403
30th,h8404
30th,h8405
30th,h8406
30th,h8407
30th,h8408
30th,h8409
30th,h8410
30th,h8411
30th,h8412
30th,h8413
30th,h8414
30th,h8415
30th,h8416
30th,h8417
30th,h8418
30th,h8419
30th,h8420
30th,h8421
30th,h8422
30th,h8423
30th,h8424
30th,h8425
30th,h8426
30th,h8427
30th,h8428
30th,h8429
30th,h8430
30th,h8431
30th,h8432
30th,h8433
30th,h8434
30th,h8435
30th,h8436
30th,h8437
30th,h8438
30th,h8439
30th,h8440
30th,h8441
30th,h8442
30th,h8443
30th,h8444
30th,h8445
30th,h8446
30th,h8447
30th,h8448
30th,h8449
30th,h8450
30th,h8451
30th,h8452
30th,h8453
30th,h8454
30th,h8455
30th,h8456
30th,h8457
30th,h8458
30th,h8459
30th,h8460
30th,h8461
30th,h8462
30th,h8463
30th,h8464
30th,h8465
30th,h8466
30th,h8467
30th,h8468
30th,h8469
30th,h8470
30th,h8471
30th,h8472
30th,h8473
30th,h8474
30th,h8475
30th,h8476
30th,h8477
30th,h8478
30th,h8479
30th,h8480
30th,h8481
30th,h8482
30th,h8483
30th,h8484
30th,h8485
30th,h8486
30th,h8487
30th,h8488
30th,h8489
30th,h8490
30th,h8491
30th,h8492
30th,h8493
30th,h8494
30th,h8495
30th,h8496
30th,h8497
30th,h8498
30th,h8499
30th,h8500
30th,h8501
30th,h8502
30th,h8503
30th,h8504
30th,h8505
30th,h8506
30th,h8507
30th,h8508
30th,h8509
30th,h8510
30th,h8511
30th,h8512
30th,h8513
30th,h8514
30th,h8515
30th,h8516
30th,h8517
30th,h8518
30th,h8519
30th,h8520
30th,h8521
30th,h8522
30th,h8523
30th,h8524
30th,h8525
30th,h8526
30th,h8527
30th,h8528
30th,h8529
30th,h8530
30th,h8531
30th,h8532
30th,h8533
30th,h8534
30th,h8535
30th,h8536
30th,h8537
30th,h8538
30th,h8539
30th,h8540
30th,h8541
30th,h8542
30th,h8543
30th,h8544
30th,h8545
30th,h8546
30th,h8547
30th,h8548
30th,h8549
30th,h8550
30th,h8551
30th,h8552
30th,h8553
30th,h8554
30th,h8555
30th,h8556
30th,h8557
30th,h8558
30th,h8559
30th,h8560
30th,h8561
30th,h8562
30th,h8563
30th,h8564
30th,h8565
30th,h8566
30th,h8567
30th,h8568
30th,h8569
30th,h8570
30th,h8571
30th,h8572
30th,h8573
30th,h8574
30th,h8575
30th,h8576
30th,h8577
30th,h8578
30th,h8579
30th,h8580
30th,h8581
30th,h8582
30th,h8583
30th,h8584
30th,h8585
30th,h8586
30th,h8587
30th,h8588
30th,h8589
30th,h8590
30th,h8591
30th,h8592
30th,h8593
30th,h8594
30th,h8595
30th,h8596
30th,h8597
30th,h8598
30th,h8599
30th,h8600
30th,h8601
30th,h8602
30th,h8603
30th,h8604
30th,h8605
30th,h8606
30th,h8607
30th,h8608
30th,h8609
30th,h8610
30th,h8611
30th,h8612
30th,h8613
30th,h8614
30th,h8615
30th,h8616
30th,h8617
30th,h8618
30th,h8619
30th,h8620
30th,h8621
30th,h8622
30th,h8623
30th,h8624
30th,h8625
30th,h8626
30th,h8627
30th,h8628
30th,h8629
30th,h8630
30th,h8631
30th,h8632
30th,h8633
30th,h8634
30th,h8635
30th,h8636
30th,h8637
30th,h8638
30th,h8639
30th,h8640
30th,h8641
30th,h8642
30th,h8643
30th,h8644
30th,h8645
30th,h8646
30th,h8647
30th,h8648
30th,h8649
30th,h8650
30th,h8651
30th,h8652
30th,h8653
30th,h8654
30th,h8655
30th,h8656
30th,h8657
30th,h8658
30th,h8659
30th,h8660
30th,h8661
30th,h8662
30th,h8663
30th,h8664
30th,h8665
30th,h8666
30th,h8667
30th,h8668
30th,h8669
30th,h8670
30th,h8671
30th,h8672
30th,h8673
30th,h8674
30th,h8675
30th,h8676
30th,h8677
30th,h8678
30th,h8679
30th,h8680
30th,h8681
30th,h8682
30th,h8683
30th,h8684
30th,h8685
30th,h8686
30th,h8687
30th,h8688
30th,h8689
30th,h8690
30th,h8691
30th,h8692
30th,h8693
30th,h8694
30th,h8695
30th,h8696
30th,h8697
30th,h8698
30th,h8699
30th,h8700
30th,h8701
30th,h8702
30th,h8703
30th,h8704
30th,h8705
30th,h8706
30th,h8707
30th,h8708
30th,h8709
30th,h8710
30th,h8711
30th,h8712
30th,h8713
30th,h8714
30th,h8715
30th,h8716
30th,h8717
30th,h8718
30th,h8719
30th,h8720
30th,h8721
30th,h8722
30th,h8723
30th,h8724
30th,h8725
30th,h8726
30th,h8727
30th,h8728
30th,h8729
30th,h8730
30th,h8731
30th,h8732
30th,h8733
30th,h8734
30th,h8735
30th,h8736
30th,h8737
30th,h8738
30th,h8739
30th,h8740
30th,h8741
30th,h8742
30th,h8743
30th,h8744
30th,h8745
30th,h8746
30th,h8747
30th,h8748
30th,h8749
30th,h8750
30th,h8751
30th,h8752
30th,h8753
30th,h8754
30th,h8755
30th,h8756
30th,h8757
30th,h8758
30th,h8759
30th,h8760
